{
  "version": "0.0.1",
  "records": [
    {
      "id": 1,
      "attractive_level": 1,
      "attractive_point": 150,
      "attacker_hp_rate": 0,
      "attacker_attack_rate": 0,
      "attacker_defence_rate": 0,
      "attacker_energy_resist_rate": 0,
      "attacker_metal_resist_rate": 0,
      "attacker_bio_resist_rate": 0,
      "defender_hp_rate": 0,
      "defender_attack_rate": 0,
      "defender_defence_rate": 0,
      "defender_energy_resist_rate": 0,
      "defender_metal_resist_rate": 0,
      "defender_bio_resist_rate": 0,
      "supporter_hp_rate": 0,
      "supporter_attack_rate": 0,
      "supporter_defence_rate": 0,
      "supporter_energy_resist_rate": 0,
      "supporter_metal_resist_rate": 0,
      "supporter_bio_resist_rate": 0
    },
    {
      "id": 2,
      "attractive_level": 2,
      "attractive_point": 310,
      "attacker_hp_rate": 649,
      "attacker_attack_rate": 29,
      "attacker_defence_rate": 5,
      "attacker_energy_resist_rate": 0,
      "attacker_metal_resist_rate": 0,
      "attacker_bio_resist_rate": 0,
      "defender_hp_rate": 793,
      "defender_attack_rate": 19,
      "defender_defence_rate": 6,
      "defender_energy_resist_rate": 0,
      "defender_metal_resist_rate": 0,
      "defender_bio_resist_rate": 0,
      "supporter_hp_rate": 721,
      "supporter_attack_rate": 24,
      "supporter_defence_rate": 5,
      "supporter_energy_resist_rate": 0,
      "supporter_metal_resist_rate": 0,
      "supporter_bio_resist_rate": 0
    },
    {
      "id": 3,
      "attractive_level": 3,
      "attractive_point": 320,
      "attacker_hp_rate": 1490,
      "attacker_attack_rate": 66,
      "attacker_defence_rate": 10,
      "attacker_energy_resist_rate": 0,
      "attacker_metal_resist_rate": 0,
      "attacker_bio_resist_rate": 0,
      "defender_hp_rate": 1822,
      "defender_attack_rate": 44,
      "defender_defence_rate": 12,
      "defender_energy_resist_rate": 0,
      "defender_metal_resist_rate": 0,
      "defender_bio_resist_rate": 0,
      "supporter_hp_rate": 1656,
      "supporter_attack_rate": 55,
      "supporter_defence_rate": 11,
      "supporter_energy_resist_rate": 0,
      "supporter_metal_resist_rate": 0,
      "supporter_bio_resist_rate": 0
    },
    {
      "id": 4,
      "attractive_level": 4,
      "attractive_point": 330,
      "attacker_hp_rate": 2425,
      "attacker_attack_rate": 108,
      "attacker_defence_rate": 16,
      "attacker_energy_resist_rate": 0,
      "attacker_metal_resist_rate": 0,
      "attacker_bio_resist_rate": 0,
      "defender_hp_rate": 2963,
      "defender_attack_rate": 72,
      "defender_defence_rate": 20,
      "defender_energy_resist_rate": 0,
      "defender_metal_resist_rate": 0,
      "defender_bio_resist_rate": 0,
      "supporter_hp_rate": 2694,
      "supporter_attack_rate": 90,
      "supporter_defence_rate": 18,
      "supporter_energy_resist_rate": 0,
      "supporter_metal_resist_rate": 0,
      "supporter_bio_resist_rate": 0
    },
    {
      "id": 5,
      "attractive_level": 5,
      "attractive_point": 340,
      "attacker_hp_rate": 3425,
      "attacker_attack_rate": 152,
      "attacker_defence_rate": 23,
      "attacker_energy_resist_rate": 0,
      "attacker_metal_resist_rate": 0,
      "attacker_bio_resist_rate": 0,
      "defender_hp_rate": 4186,
      "defender_attack_rate": 102,
      "defender_defence_rate": 28,
      "defender_energy_resist_rate": 0,
      "defender_metal_resist_rate": 0,
      "defender_bio_resist_rate": 0,
      "supporter_hp_rate": 3805,
      "supporter_attack_rate": 127,
      "supporter_defence_rate": 25,
      "supporter_energy_resist_rate": 0,
      "supporter_metal_resist_rate": 0,
      "supporter_bio_resist_rate": 0
    },
    {
      "id": 6,
      "attractive_level": 6,
      "attractive_point": 350,
      "attacker_hp_rate": 4476,
      "attacker_attack_rate": 199,
      "attacker_defence_rate": 30,
      "attacker_energy_resist_rate": 0,
      "attacker_metal_resist_rate": 0,
      "attacker_bio_resist_rate": 0,
      "defender_hp_rate": 5470,
      "defender_attack_rate": 133,
      "defender_defence_rate": 36,
      "defender_energy_resist_rate": 0,
      "defender_metal_resist_rate": 0,
      "defender_bio_resist_rate": 0,
      "supporter_hp_rate": 4973,
      "supporter_attack_rate": 166,
      "supporter_defence_rate": 33,
      "supporter_energy_resist_rate": 0,
      "supporter_metal_resist_rate": 0,
      "supporter_bio_resist_rate": 0
    },
    {
      "id": 7,
      "attractive_level": 7,
      "attractive_point": 360,
      "attacker_hp_rate": 5571,
      "attacker_attack_rate": 247,
      "attacker_defence_rate": 37,
      "attacker_energy_resist_rate": 0,
      "attacker_metal_resist_rate": 0,
      "attacker_bio_resist_rate": 0,
      "defender_hp_rate": 6809,
      "defender_attack_rate": 165,
      "defender_defence_rate": 45,
      "defender_energy_resist_rate": 0,
      "defender_metal_resist_rate": 0,
      "defender_bio_resist_rate": 0,
      "supporter_hp_rate": 6190,
      "supporter_attack_rate": 206,
      "supporter_defence_rate": 41,
      "supporter_energy_resist_rate": 0,
      "supporter_metal_resist_rate": 0,
      "supporter_bio_resist_rate": 0
    },
    {
      "id": 8,
      "attractive_level": 8,
      "attractive_point": 370,
      "attacker_hp_rate": 6702,
      "attacker_attack_rate": 298,
      "attacker_defence_rate": 45,
      "attacker_energy_resist_rate": 0,
      "attacker_metal_resist_rate": 0,
      "attacker_bio_resist_rate": 0,
      "defender_hp_rate": 8192,
      "defender_attack_rate": 198,
      "defender_defence_rate": 55,
      "defender_energy_resist_rate": 0,
      "defender_metal_resist_rate": 0,
      "defender_bio_resist_rate": 0,
      "supporter_hp_rate": 7447,
      "supporter_attack_rate": 248,
      "supporter_defence_rate": 50,
      "supporter_energy_resist_rate": 0,
      "supporter_metal_resist_rate": 0,
      "supporter_bio_resist_rate": 0
    },
    {
      "id": 9,
      "attractive_level": 9,
      "attractive_point": 380,
      "attacker_hp_rate": 7868,
      "attacker_attack_rate": 349,
      "attacker_defence_rate": 52,
      "attacker_energy_resist_rate": 0,
      "attacker_metal_resist_rate": 0,
      "attacker_bio_resist_rate": 0,
      "defender_hp_rate": 9616,
      "defender_attack_rate": 233,
      "defender_defence_rate": 64,
      "defender_energy_resist_rate": 0,
      "defender_metal_resist_rate": 0,
      "defender_bio_resist_rate": 0,
      "supporter_hp_rate": 8742,
      "supporter_attack_rate": 291,
      "supporter_defence_rate": 58,
      "supporter_energy_resist_rate": 0,
      "supporter_metal_resist_rate": 0,
      "supporter_bio_resist_rate": 0
    },
    {
      "id": 10,
      "attractive_level": 10,
      "attractive_point": 390,
      "attacker_hp_rate": 9062,
      "attacker_attack_rate": 403,
      "attacker_defence_rate": 60,
      "attacker_energy_resist_rate": 0,
      "attacker_metal_resist_rate": 0,
      "attacker_bio_resist_rate": 0,
      "defender_hp_rate": 11076,
      "defender_attack_rate": 269,
      "defender_defence_rate": 74,
      "defender_energy_resist_rate": 0,
      "defender_metal_resist_rate": 0,
      "defender_bio_resist_rate": 0,
      "supporter_hp_rate": 10069,
      "supporter_attack_rate": 336,
      "supporter_defence_rate": 67,
      "supporter_energy_resist_rate": 0,
      "supporter_metal_resist_rate": 0,
      "supporter_bio_resist_rate": 0
    },
    {
      "id": 11,
      "attractive_level": 11,
      "attractive_point": 400,
      "attacker_hp_rate": 10283,
      "attacker_attack_rate": 457,
      "attacker_defence_rate": 68,
      "attacker_energy_resist_rate": 0,
      "attacker_metal_resist_rate": 0,
      "attacker_bio_resist_rate": 0,
      "defender_hp_rate": 12569,
      "defender_attack_rate": 305,
      "defender_defence_rate": 84,
      "defender_energy_resist_rate": 0,
      "defender_metal_resist_rate": 0,
      "defender_bio_resist_rate": 0,
      "supporter_hp_rate": 11426,
      "supporter_attack_rate": 381,
      "supporter_defence_rate": 76,
      "supporter_energy_resist_rate": 0,
      "supporter_metal_resist_rate": 0,
      "supporter_bio_resist_rate": 0
    },
    {
      "id": 12,
      "attractive_level": 12,
      "attractive_point": 420,
      "attacker_hp_rate": 11529,
      "attacker_attack_rate": 512,
      "attacker_defence_rate": 77,
      "attacker_energy_resist_rate": 0,
      "attacker_metal_resist_rate": 0,
      "attacker_bio_resist_rate": 0,
      "defender_hp_rate": 14091,
      "defender_attack_rate": 342,
      "defender_defence_rate": 94,
      "defender_energy_resist_rate": 0,
      "defender_metal_resist_rate": 0,
      "defender_bio_resist_rate": 0,
      "supporter_hp_rate": 12810,
      "supporter_attack_rate": 427,
      "supporter_defence_rate": 85,
      "supporter_energy_resist_rate": 0,
      "supporter_metal_resist_rate": 0,
      "supporter_bio_resist_rate": 0
    },
    {
      "id": 13,
      "attractive_level": 13,
      "attractive_point": 430,
      "attacker_hp_rate": 12798,
      "attacker_attack_rate": 569,
      "attacker_defence_rate": 86,
      "attacker_energy_resist_rate": 0,
      "attacker_metal_resist_rate": 0,
      "attacker_bio_resist_rate": 0,
      "defender_hp_rate": 15642,
      "defender_attack_rate": 379,
      "defender_defence_rate": 105,
      "defender_energy_resist_rate": 0,
      "defender_metal_resist_rate": 0,
      "defender_bio_resist_rate": 0,
      "supporter_hp_rate": 14220,
      "supporter_attack_rate": 474,
      "supporter_defence_rate": 95,
      "supporter_energy_resist_rate": 0,
      "supporter_metal_resist_rate": 0,
      "supporter_bio_resist_rate": 0
    },
    {
      "id": 14,
      "attractive_level": 14,
      "attractive_point": 440,
      "attacker_hp_rate": 14088,
      "attacker_attack_rate": 626,
      "attacker_defence_rate": 94,
      "attacker_energy_resist_rate": 0,
      "attacker_metal_resist_rate": 0,
      "attacker_bio_resist_rate": 0,
      "defender_hp_rate": 17218,
      "defender_attack_rate": 418,
      "defender_defence_rate": 114,
      "defender_energy_resist_rate": 0,
      "defender_metal_resist_rate": 0,
      "defender_bio_resist_rate": 0,
      "supporter_hp_rate": 15653,
      "supporter_attack_rate": 522,
      "supporter_defence_rate": 104,
      "supporter_energy_resist_rate": 0,
      "supporter_metal_resist_rate": 0,
      "supporter_bio_resist_rate": 0
    },
    {
      "id": 15,
      "attractive_level": 15,
      "attractive_point": 450,
      "attacker_hp_rate": 15398,
      "attacker_attack_rate": 684,
      "attacker_defence_rate": 103,
      "attacker_energy_resist_rate": 0,
      "attacker_metal_resist_rate": 0,
      "attacker_bio_resist_rate": 0,
      "defender_hp_rate": 18820,
      "defender_attack_rate": 456,
      "defender_defence_rate": 125,
      "defender_energy_resist_rate": 0,
      "defender_metal_resist_rate": 0,
      "defender_bio_resist_rate": 0,
      "supporter_hp_rate": 17109,
      "supporter_attack_rate": 570,
      "supporter_defence_rate": 114,
      "supporter_energy_resist_rate": 0,
      "supporter_metal_resist_rate": 0,
      "supporter_bio_resist_rate": 0
    },
    {
      "id": 16,
      "attractive_level": 16,
      "attractive_point": 470,
      "attacker_hp_rate": 16727,
      "attacker_attack_rate": 744,
      "attacker_defence_rate": 112,
      "attacker_energy_resist_rate": 0,
      "attacker_metal_resist_rate": 0,
      "attacker_bio_resist_rate": 0,
      "defender_hp_rate": 20445,
      "defender_attack_rate": 496,
      "defender_defence_rate": 136,
      "defender_energy_resist_rate": 0,
      "defender_metal_resist_rate": 0,
      "defender_bio_resist_rate": 0,
      "supporter_hp_rate": 18586,
      "supporter_attack_rate": 620,
      "supporter_defence_rate": 124,
      "supporter_energy_resist_rate": 0,
      "supporter_metal_resist_rate": 0,
      "supporter_bio_resist_rate": 0
    },
    {
      "id": 17,
      "attractive_level": 17,
      "attractive_point": 480,
      "attacker_hp_rate": 18075,
      "attacker_attack_rate": 803,
      "attacker_defence_rate": 121,
      "attacker_energy_resist_rate": 0,
      "attacker_metal_resist_rate": 0,
      "attacker_bio_resist_rate": 0,
      "defender_hp_rate": 22091,
      "defender_attack_rate": 535,
      "defender_defence_rate": 147,
      "defender_energy_resist_rate": 0,
      "defender_metal_resist_rate": 0,
      "defender_bio_resist_rate": 0,
      "supporter_hp_rate": 20083,
      "supporter_attack_rate": 669,
      "supporter_defence_rate": 134,
      "supporter_energy_resist_rate": 0,
      "supporter_metal_resist_rate": 0,
      "supporter_bio_resist_rate": 0
    },
    {
      "id": 18,
      "attractive_level": 18,
      "attractive_point": 500,
      "attacker_hp_rate": 19438,
      "attacker_attack_rate": 864,
      "attacker_defence_rate": 130,
      "attacker_energy_resist_rate": 0,
      "attacker_metal_resist_rate": 0,
      "attacker_bio_resist_rate": 0,
      "defender_hp_rate": 23758,
      "defender_attack_rate": 576,
      "defender_defence_rate": 158,
      "defender_energy_resist_rate": 0,
      "defender_metal_resist_rate": 0,
      "defender_bio_resist_rate": 0,
      "supporter_hp_rate": 21598,
      "supporter_attack_rate": 720,
      "supporter_defence_rate": 144,
      "supporter_energy_resist_rate": 0,
      "supporter_metal_resist_rate": 0,
      "supporter_bio_resist_rate": 0
    },
    {
      "id": 19,
      "attractive_level": 19,
      "attractive_point": 510,
      "attacker_hp_rate": 20819,
      "attacker_attack_rate": 925,
      "attacker_defence_rate": 139,
      "attacker_energy_resist_rate": 0,
      "attacker_metal_resist_rate": 0,
      "attacker_bio_resist_rate": 0,
      "defender_hp_rate": 25445,
      "defender_attack_rate": 617,
      "defender_defence_rate": 169,
      "defender_energy_resist_rate": 0,
      "defender_metal_resist_rate": 0,
      "defender_bio_resist_rate": 0,
      "supporter_hp_rate": 23132,
      "supporter_attack_rate": 771,
      "supporter_defence_rate": 154,
      "supporter_energy_resist_rate": 0,
      "supporter_metal_resist_rate": 0,
      "supporter_bio_resist_rate": 0
    },
    {
      "id": 20,
      "attractive_level": 20,
      "attractive_point": 530,
      "attacker_hp_rate": 22214,
      "attacker_attack_rate": 988,
      "attacker_defence_rate": 149,
      "attacker_energy_resist_rate": 0,
      "attacker_metal_resist_rate": 0,
      "attacker_bio_resist_rate": 0,
      "defender_hp_rate": 27150,
      "defender_attack_rate": 658,
      "defender_defence_rate": 182,
      "defender_energy_resist_rate": 0,
      "defender_metal_resist_rate": 0,
      "defender_bio_resist_rate": 0,
      "supporter_hp_rate": 24682,
      "supporter_attack_rate": 823,
      "supporter_defence_rate": 165,
      "supporter_energy_resist_rate": 0,
      "supporter_metal_resist_rate": 0,
      "supporter_bio_resist_rate": 0
    },
    {
      "id": 21,
      "attractive_level": 21,
      "attractive_point": 540,
      "attacker_hp_rate": 23624,
      "attacker_attack_rate": 1050,
      "attacker_defence_rate": 158,
      "attacker_energy_resist_rate": 0,
      "attacker_metal_resist_rate": 0,
      "attacker_bio_resist_rate": 0,
      "defender_hp_rate": 28874,
      "defender_attack_rate": 700,
      "defender_defence_rate": 193,
      "defender_energy_resist_rate": 0,
      "defender_metal_resist_rate": 0,
      "defender_bio_resist_rate": 0,
      "supporter_hp_rate": 26249,
      "supporter_attack_rate": 875,
      "supporter_defence_rate": 175,
      "supporter_energy_resist_rate": 0,
      "supporter_metal_resist_rate": 0,
      "supporter_bio_resist_rate": 0
    },
    {
      "id": 22,
      "attractive_level": 22,
      "attractive_point": 560,
      "attacker_hp_rate": 25049,
      "attacker_attack_rate": 1114,
      "attacker_defence_rate": 167,
      "attacker_energy_resist_rate": 0,
      "attacker_metal_resist_rate": 0,
      "attacker_bio_resist_rate": 0,
      "defender_hp_rate": 30615,
      "defender_attack_rate": 742,
      "defender_defence_rate": 205,
      "defender_energy_resist_rate": 0,
      "defender_metal_resist_rate": 0,
      "defender_bio_resist_rate": 0,
      "supporter_hp_rate": 27832,
      "supporter_attack_rate": 928,
      "supporter_defence_rate": 186,
      "supporter_energy_resist_rate": 0,
      "supporter_metal_resist_rate": 0,
      "supporter_bio_resist_rate": 0
    },
    {
      "id": 23,
      "attractive_level": 23,
      "attractive_point": 580,
      "attacker_hp_rate": 26487,
      "attacker_attack_rate": 1177,
      "attacker_defence_rate": 176,
      "attacker_energy_resist_rate": 0,
      "attacker_metal_resist_rate": 0,
      "attacker_bio_resist_rate": 0,
      "defender_hp_rate": 32373,
      "defender_attack_rate": 785,
      "defender_defence_rate": 216,
      "defender_energy_resist_rate": 0,
      "defender_metal_resist_rate": 0,
      "defender_bio_resist_rate": 0,
      "supporter_hp_rate": 29430,
      "supporter_attack_rate": 981,
      "supporter_defence_rate": 196,
      "supporter_energy_resist_rate": 0,
      "supporter_metal_resist_rate": 0,
      "supporter_bio_resist_rate": 0
    },
    {
      "id": 24,
      "attractive_level": 24,
      "attractive_point": 590,
      "attacker_hp_rate": 27938,
      "attacker_attack_rate": 1242,
      "attacker_defence_rate": 186,
      "attacker_energy_resist_rate": 0,
      "attacker_metal_resist_rate": 0,
      "attacker_bio_resist_rate": 0,
      "defender_hp_rate": 34146,
      "defender_attack_rate": 828,
      "defender_defence_rate": 228,
      "defender_energy_resist_rate": 0,
      "defender_metal_resist_rate": 0,
      "defender_bio_resist_rate": 0,
      "supporter_hp_rate": 31042,
      "supporter_attack_rate": 1035,
      "supporter_defence_rate": 207,
      "supporter_energy_resist_rate": 0,
      "supporter_metal_resist_rate": 0,
      "supporter_bio_resist_rate": 0
    },
    {
      "id": 25,
      "attractive_level": 25,
      "attractive_point": 610,
      "attacker_hp_rate": 29402,
      "attacker_attack_rate": 1307,
      "attacker_defence_rate": 196,
      "attacker_energy_resist_rate": 0,
      "attacker_metal_resist_rate": 0,
      "attacker_bio_resist_rate": 0,
      "defender_hp_rate": 35936,
      "defender_attack_rate": 871,
      "defender_defence_rate": 240,
      "defender_energy_resist_rate": 0,
      "defender_metal_resist_rate": 0,
      "defender_bio_resist_rate": 0,
      "supporter_hp_rate": 32669,
      "supporter_attack_rate": 1089,
      "supporter_defence_rate": 218,
      "supporter_energy_resist_rate": 0,
      "supporter_metal_resist_rate": 0,
      "supporter_bio_resist_rate": 0
    },
    {
      "id": 26,
      "attractive_level": 26,
      "attractive_point": 630,
      "attacker_hp_rate": 30878,
      "attacker_attack_rate": 1373,
      "attacker_defence_rate": 206,
      "attacker_energy_resist_rate": 0,
      "attacker_metal_resist_rate": 0,
      "attacker_bio_resist_rate": 0,
      "defender_hp_rate": 37740,
      "defender_attack_rate": 915,
      "defender_defence_rate": 252,
      "defender_energy_resist_rate": 0,
      "defender_metal_resist_rate": 0,
      "defender_bio_resist_rate": 0,
      "supporter_hp_rate": 34309,
      "supporter_attack_rate": 1144,
      "supporter_defence_rate": 229,
      "supporter_energy_resist_rate": 0,
      "supporter_metal_resist_rate": 0,
      "supporter_bio_resist_rate": 0
    },
    {
      "id": 27,
      "attractive_level": 27,
      "attractive_point": 650,
      "attacker_hp_rate": 32366,
      "attacker_attack_rate": 1439,
      "attacker_defence_rate": 216,
      "attacker_energy_resist_rate": 0,
      "attacker_metal_resist_rate": 0,
      "attacker_bio_resist_rate": 0,
      "defender_hp_rate": 39558,
      "defender_attack_rate": 959,
      "defender_defence_rate": 264,
      "defender_energy_resist_rate": 0,
      "defender_metal_resist_rate": 0,
      "defender_bio_resist_rate": 0,
      "supporter_hp_rate": 35962,
      "supporter_attack_rate": 1199,
      "supporter_defence_rate": 240,
      "supporter_energy_resist_rate": 0,
      "supporter_metal_resist_rate": 0,
      "supporter_bio_resist_rate": 0
    },
    {
      "id": 28,
      "attractive_level": 28,
      "attractive_point": 670,
      "attacker_hp_rate": 33865,
      "attacker_attack_rate": 1505,
      "attacker_defence_rate": 226,
      "attacker_energy_resist_rate": 0,
      "attacker_metal_resist_rate": 0,
      "attacker_bio_resist_rate": 0,
      "defender_hp_rate": 41391,
      "defender_attack_rate": 1003,
      "defender_defence_rate": 276,
      "defender_energy_resist_rate": 0,
      "defender_metal_resist_rate": 0,
      "defender_bio_resist_rate": 0,
      "supporter_hp_rate": 37628,
      "supporter_attack_rate": 1254,
      "supporter_defence_rate": 251,
      "supporter_energy_resist_rate": 0,
      "supporter_metal_resist_rate": 0,
      "supporter_bio_resist_rate": 0
    },
    {
      "id": 29,
      "attractive_level": 29,
      "attractive_point": 690,
      "attacker_hp_rate": 35376,
      "attacker_attack_rate": 1572,
      "attacker_defence_rate": 236,
      "attacker_energy_resist_rate": 0,
      "attacker_metal_resist_rate": 0,
      "attacker_bio_resist_rate": 0,
      "defender_hp_rate": 43238,
      "defender_attack_rate": 1048,
      "defender_defence_rate": 288,
      "defender_energy_resist_rate": 0,
      "defender_metal_resist_rate": 0,
      "defender_bio_resist_rate": 0,
      "supporter_hp_rate": 39307,
      "supporter_attack_rate": 1310,
      "supporter_defence_rate": 262,
      "supporter_energy_resist_rate": 0,
      "supporter_metal_resist_rate": 0,
      "supporter_bio_resist_rate": 0
    },
    {
      "id": 30,
      "attractive_level": 30,
      "attractive_point": 710,
      "attacker_hp_rate": 36897,
      "attacker_attack_rate": 1640,
      "attacker_defence_rate": 246,
      "attacker_energy_resist_rate": 0,
      "attacker_metal_resist_rate": 0,
      "attacker_bio_resist_rate": 0,
      "defender_hp_rate": 45097,
      "defender_attack_rate": 1094,
      "defender_defence_rate": 300,
      "defender_energy_resist_rate": 0,
      "defender_metal_resist_rate": 0,
      "defender_bio_resist_rate": 0,
      "supporter_hp_rate": 40997,
      "supporter_attack_rate": 1367,
      "supporter_defence_rate": 273,
      "supporter_energy_resist_rate": 0,
      "supporter_metal_resist_rate": 0,
      "supporter_bio_resist_rate": 0
    },
    {
      "id": 31,
      "attractive_level": 31,
      "attractive_point": 730,
      "attacker_hp_rate": 38430,
      "attacker_attack_rate": 1708,
      "attacker_defence_rate": 257,
      "attacker_energy_resist_rate": 0,
      "attacker_metal_resist_rate": 0,
      "attacker_bio_resist_rate": 0,
      "defender_hp_rate": 46970,
      "defender_attack_rate": 1138,
      "defender_defence_rate": 314,
      "defender_energy_resist_rate": 0,
      "defender_metal_resist_rate": 0,
      "defender_bio_resist_rate": 0,
      "supporter_hp_rate": 42700,
      "supporter_attack_rate": 1423,
      "supporter_defence_rate": 285,
      "supporter_energy_resist_rate": 0,
      "supporter_metal_resist_rate": 0,
      "supporter_bio_resist_rate": 0
    },
    {
      "id": 32,
      "attractive_level": 32,
      "attractive_point": 750,
      "attacker_hp_rate": 39972,
      "attacker_attack_rate": 1776,
      "attacker_defence_rate": 266,
      "attacker_energy_resist_rate": 0,
      "attacker_metal_resist_rate": 0,
      "attacker_bio_resist_rate": 0,
      "defender_hp_rate": 48854,
      "defender_attack_rate": 1184,
      "defender_defence_rate": 326,
      "defender_energy_resist_rate": 0,
      "defender_metal_resist_rate": 0,
      "defender_bio_resist_rate": 0,
      "supporter_hp_rate": 44413,
      "supporter_attack_rate": 1480,
      "supporter_defence_rate": 296,
      "supporter_energy_resist_rate": 0,
      "supporter_metal_resist_rate": 0,
      "supporter_bio_resist_rate": 0
    },
    {
      "id": 33,
      "attractive_level": 33,
      "attractive_point": 770,
      "attacker_hp_rate": 41524,
      "attacker_attack_rate": 1846,
      "attacker_defence_rate": 277,
      "attacker_energy_resist_rate": 0,
      "attacker_metal_resist_rate": 0,
      "attacker_bio_resist_rate": 0,
      "defender_hp_rate": 50752,
      "defender_attack_rate": 1230,
      "defender_defence_rate": 339,
      "defender_energy_resist_rate": 0,
      "defender_metal_resist_rate": 0,
      "defender_bio_resist_rate": 0,
      "supporter_hp_rate": 46138,
      "supporter_attack_rate": 1538,
      "supporter_defence_rate": 308,
      "supporter_energy_resist_rate": 0,
      "supporter_metal_resist_rate": 0,
      "supporter_bio_resist_rate": 0
    },
    {
      "id": 34,
      "attractive_level": 34,
      "attractive_point": 800,
      "attacker_hp_rate": 43086,
      "attacker_attack_rate": 1915,
      "attacker_defence_rate": 287,
      "attacker_energy_resist_rate": 0,
      "attacker_metal_resist_rate": 0,
      "attacker_bio_resist_rate": 0,
      "defender_hp_rate": 52660,
      "defender_attack_rate": 1277,
      "defender_defence_rate": 351,
      "defender_energy_resist_rate": 0,
      "defender_metal_resist_rate": 0,
      "defender_bio_resist_rate": 0,
      "supporter_hp_rate": 47873,
      "supporter_attack_rate": 1596,
      "supporter_defence_rate": 319,
      "supporter_energy_resist_rate": 0,
      "supporter_metal_resist_rate": 0,
      "supporter_bio_resist_rate": 0
    },
    {
      "id": 35,
      "attractive_level": 35,
      "attractive_point": 820,
      "attacker_hp_rate": 44658,
      "attacker_attack_rate": 1985,
      "attacker_defence_rate": 298,
      "attacker_energy_resist_rate": 0,
      "attacker_metal_resist_rate": 0,
      "attacker_bio_resist_rate": 0,
      "defender_hp_rate": 54582,
      "defender_attack_rate": 1323,
      "defender_defence_rate": 364,
      "defender_energy_resist_rate": 0,
      "defender_metal_resist_rate": 0,
      "defender_bio_resist_rate": 0,
      "supporter_hp_rate": 49620,
      "supporter_attack_rate": 1654,
      "supporter_defence_rate": 331,
      "supporter_energy_resist_rate": 0,
      "supporter_metal_resist_rate": 0,
      "supporter_bio_resist_rate": 0
    },
    {
      "id": 36,
      "attractive_level": 36,
      "attractive_point": 840,
      "attacker_hp_rate": 46238,
      "attacker_attack_rate": 2056,
      "attacker_defence_rate": 309,
      "attacker_energy_resist_rate": 0,
      "attacker_metal_resist_rate": 0,
      "attacker_bio_resist_rate": 0,
      "defender_hp_rate": 56514,
      "defender_attack_rate": 1370,
      "defender_defence_rate": 377,
      "defender_energy_resist_rate": 0,
      "defender_metal_resist_rate": 0,
      "defender_bio_resist_rate": 0,
      "supporter_hp_rate": 51376,
      "supporter_attack_rate": 1713,
      "supporter_defence_rate": 343,
      "supporter_energy_resist_rate": 0,
      "supporter_metal_resist_rate": 0,
      "supporter_bio_resist_rate": 0
    },
    {
      "id": 37,
      "attractive_level": 37,
      "attractive_point": 870,
      "attacker_hp_rate": 47828,
      "attacker_attack_rate": 2125,
      "attacker_defence_rate": 319,
      "attacker_energy_resist_rate": 0,
      "attacker_metal_resist_rate": 0,
      "attacker_bio_resist_rate": 0,
      "defender_hp_rate": 58456,
      "defender_attack_rate": 1417,
      "defender_defence_rate": 389,
      "defender_energy_resist_rate": 0,
      "defender_metal_resist_rate": 0,
      "defender_bio_resist_rate": 0,
      "supporter_hp_rate": 53142,
      "supporter_attack_rate": 1771,
      "supporter_defence_rate": 354,
      "supporter_energy_resist_rate": 0,
      "supporter_metal_resist_rate": 0,
      "supporter_bio_resist_rate": 0
    },
    {
      "id": 38,
      "attractive_level": 38,
      "attractive_point": 900,
      "attacker_hp_rate": 49427,
      "attacker_attack_rate": 2197,
      "attacker_defence_rate": 329,
      "attacker_energy_resist_rate": 0,
      "attacker_metal_resist_rate": 0,
      "attacker_bio_resist_rate": 0,
      "defender_hp_rate": 60411,
      "defender_attack_rate": 1465,
      "defender_defence_rate": 403,
      "defender_energy_resist_rate": 0,
      "defender_metal_resist_rate": 0,
      "defender_bio_resist_rate": 0,
      "supporter_hp_rate": 54919,
      "supporter_attack_rate": 1831,
      "supporter_defence_rate": 366,
      "supporter_energy_resist_rate": 0,
      "supporter_metal_resist_rate": 0,
      "supporter_bio_resist_rate": 0
    },
    {
      "id": 39,
      "attractive_level": 39,
      "attractive_point": 920,
      "attacker_hp_rate": 51035,
      "attacker_attack_rate": 2268,
      "attacker_defence_rate": 340,
      "attacker_energy_resist_rate": 0,
      "attacker_metal_resist_rate": 0,
      "attacker_bio_resist_rate": 0,
      "defender_hp_rate": 62376,
      "defender_attack_rate": 1512,
      "defender_defence_rate": 416,
      "defender_energy_resist_rate": 0,
      "defender_metal_resist_rate": 0,
      "defender_bio_resist_rate": 0,
      "supporter_hp_rate": 56705,
      "supporter_attack_rate": 1890,
      "supporter_defence_rate": 378,
      "supporter_energy_resist_rate": 0,
      "supporter_metal_resist_rate": 0,
      "supporter_bio_resist_rate": 0
    },
    {
      "id": 40,
      "attractive_level": 40,
      "attractive_point": 950,
      "attacker_hp_rate": 52650,
      "attacker_attack_rate": 2340,
      "attacker_defence_rate": 351,
      "attacker_energy_resist_rate": 0,
      "attacker_metal_resist_rate": 0,
      "attacker_bio_resist_rate": 0,
      "defender_hp_rate": 64350,
      "defender_attack_rate": 1560,
      "defender_defence_rate": 429,
      "defender_energy_resist_rate": 0,
      "defender_metal_resist_rate": 0,
      "defender_bio_resist_rate": 0,
      "supporter_hp_rate": 58500,
      "supporter_attack_rate": 1950,
      "supporter_defence_rate": 390,
      "supporter_energy_resist_rate": 0,
      "supporter_metal_resist_rate": 0,
      "supporter_bio_resist_rate": 0
    }
  ]
}