{
  "version": "0.0.1",
  "records": [
    {
      "id": 1,
      "name_localkey": "Locale_System:USER_EXP",
      "description_localkey": "Locale_System:EXP_DESC",
      "resource_id": 9999,
      "is_visible_to_inventory": false,
      "max_value": 10000000000000
    },
    {
      "id": 99,
      "name_localkey": "Locale_System:CASH",
      "description_localkey": "Locale_System:CASH_DESC",
      "resource_id": 1001,
      "is_visible_to_inventory": true,
      "max_value": 10000000000000
    },
    {
      "id": 98,
      "name_localkey": "Locale_System:CASH",
      "description_localkey": "Locale_System:CASH_DESC",
      "resource_id": 1001,
      "is_visible_to_inventory": false,
      "max_value": 10000000000000
    },
    {
      "id": 1000,
      "name_localkey": "Locale_System:EXP_CHARACTER",
      "description_localkey": "Locale_System:EXP_CHARACTER_DESC",
      "resource_id": 1005,
      "is_visible_to_inventory": true,
      "max_value": 10000000000000
    },
    {
      "id": 2000,
      "name_localkey": "Locale_System:GOLD",
      "description_localkey": "Locale_System:GOLD_DESC",
      "resource_id": 1002,
      "is_visible_to_inventory": true,
      "max_value": 10000000000000
    },
    {
      "id": 3000,
      "name_localkey": "Locale_System:EXP_CHARACTER2",
      "description_localkey": "Locale_System:EXP_CHARACTER2_DESC",
      "resource_id": 1006,
      "is_visible_to_inventory": true,
      "max_value": 10000000000000
    },
    {
      "id": 4000,
      "name_localkey": "Locale_System:FRIEND_POINT",
      "description_localkey": "Locale_System:FRIEND_POINT_DESC",
      "resource_id": 1004,
      "is_visible_to_inventory": true,
      "max_value": 10000000000000
    },
    {
      "id": 5000,
      "name_localkey": "Locale_System:SPECIAL_ARENA_REWARD",
      "description_localkey": "Locale_System:SPECIAL_ARENA_REWARD_DESC",
      "resource_id": 1007,
      "is_visible_to_inventory": true,
      "max_value": 10000000000000
    },
    {
      "id": 7000,
      "name_localkey": "Locale_System:INFRACORE_POINT",
      "description_localkey": "Locale_System:INFRACORE_POINT_DESC",
      "resource_id": 1010,
      "is_visible_to_inventory": false,
      "max_value": 10000000000000
    },
    {
      "id": 8000,
      "name_localkey": "Locale_System:RAPTURE_PARTS",
      "description_localkey": "Locale_System:RAPTURE_PARTS_DESC",
      "resource_id": 6000,
      "is_visible_to_inventory": true,
      "max_value": 10000000000000
    },
    {
      "id": 8100,
      "name_localkey": "Locale_System:RAPTURE_PARTS_RANKING",
      "description_localkey": "Locale_System:RAPTURE_PARTS_RANKING_DESC",
      "resource_id": 6001,
      "is_visible_to_inventory": true,
      "max_value": 10000000000000
    },
    {
      "id": 9000,
      "name_localkey": "Locale_System:DISSOLUTION_POINT",
      "description_localkey": "Locale_System:DISSOLUTION_POINT_DESC",
      "resource_id": 1011,
      "is_visible_to_inventory": true,
      "max_value": 10000000000000
    },
    {
      "id": 10000,
      "name_localkey": "Locale_System:GUILD_COIN",
      "description_localkey": "Locale_System:GUILD_COIN_DESC",
      "resource_id": 1012,
      "is_visible_to_inventory": true,
      "max_value": 10000000000000
    },
    {
      "id": 11000,
      "name_localkey": "Locale_System:SUMMON_MILEAGE_TICKET_SILVER",
      "description_localkey": "Locale_System:SUMMON_MILEAGE_TICKET_SILVER_DESC",
      "resource_id": 1101,
      "is_visible_to_inventory": true,
      "max_value": 10000000000000
    },
    {
      "id": 12000,
      "name_localkey": "Locale_System:SUMMON_MILEAGE_TICKET_GOLD",
      "description_localkey": "Locale_System:SUMMON_MILEAGE_TICKET_GOLD_DESC",
      "resource_id": 1102,
      "is_visible_to_inventory": true,
      "max_value": 10000000000000
    },
    {
      "id": 13000,
      "name_localkey": "Locale_System:SIMULATIONROOM_POINT",
      "description_localkey": "Locale_System:SIMULATIONROOM_POINT_DESC",
      "resource_id": 1013,
      "is_visible_to_inventory": false,
      "max_value": 10000000000000
    },
    {
      "id": 14000,
      "name_localkey": "Locale_System:SKILL_UNINSTALLER",
      "description_localkey": "Locale_System:SKILL_UNINSTALLER_DESC",
      "resource_id": 1015,
      "is_visible_to_inventory": true,
      "max_value": 10000000000000
    },
    {
      "id": 5100,
      "name_localkey": "Locale_System:SUMMON_SCROLL",
      "description_localkey": "Locale_System:SUMMON_SCROLL_DESC",
      "resource_id": 3001,
      "is_visible_to_inventory": true,
      "max_value": 10000000000000
    },
    {
      "id": 5200,
      "name_localkey": "Locale_System:SUMMON_SCROLL_CHARACTER_CUSTOMIZE",
      "description_localkey": "Locale_System:SUMMON_SCROLL_CHARACTER_CUSTOMIZE_DESC",
      "resource_id": 3002,
      "is_visible_to_inventory": true,
      "max_value": 10000000000000
    },
    {
      "id": 5300,
      "name_localkey": "Locale_System:SUMMON_SCROLL_COMPANY",
      "description_localkey": "Locale_System:SUMMON_SCROLL_COMPANY_DESC",
      "resource_id": 3003,
      "is_visible_to_inventory": true,
      "max_value": 10000000000000
    },
    {
      "id": 5401,
      "name_localkey": "Locale_System:SUMMON_SCROLL_CHARACTER_CE002_RE",
      "description_localkey": "Locale_System:SUMMON_SCROLL_CHARACTER_CE002_RE_DESC",
      "resource_id": 3101,
      "is_visible_to_inventory": false,
      "max_value": 10000000000000
    },
    {
      "id": 5402,
      "name_localkey": "Locale_System:SUMMON_SCROLL_CHARACTER_CE007",
      "description_localkey": "Locale_System:SUMMON_SCROLL_CHARACTER_CE007_DESC",
      "resource_id": 3101,
      "is_visible_to_inventory": false,
      "max_value": 10000000000000
    },
    {
      "id": 5501,
      "name_localkey": "Locale_System:SUMMON_SCROLL_SELECT_01",
      "description_localkey": "Locale_System:SUMMON_SCROLL_SELECT_01_DESC",
      "resource_id": 3102,
      "is_visible_to_inventory": false,
      "max_value": 10000000000000
    },
    {
      "id": 6001,
      "name_localkey": "Locale_System:ARENA_CHIP",
      "description_localkey": "Locale_System:ARENA_CHIP_DESC",
      "resource_id": 3004,
      "is_visible_to_inventory": false,
      "max_value": 10000000000000
    },
    {
      "id": 6002,
      "name_localkey": "Locale_System:SPECIAL_ARENA_CHIP",
      "description_localkey": "Locale_System:SPECIAL_ARENA_CHIP_DESC",
      "resource_id": 3005,
      "is_visible_to_inventory": false,
      "max_value": 10000000000000
    },
    {
      "id": 6003,
      "name_localkey": "Locale_System:SPECIAL_ARENA_CHIP",
      "description_localkey": "Locale_System:SPECIAL_ARENA_CHIP_DESC",
      "resource_id": 3005,
      "is_visible_to_inventory": false,
      "max_value": 10000000000000
    },
    {
      "id": 6100,
      "name_localkey": "Locale_System:OUTPOST_SUDDEN_EVENT_STAMINA",
      "description_localkey": "Locale_System:OUTPOST_SUDDEN_EVENT_STAMINA_DESC",
      "resource_id": 9001,
      "is_visible_to_inventory": false,
      "max_value": 5
    },
    {
      "id": 6200,
      "name_localkey": "Locale_System:RECYCLE_ROOM_RESEARCH_POINT",
      "description_localkey": "Locale_System:RECYCLE_ROOM_RESEARCH_POINT_DESC",
      "resource_id": 1008,
      "is_visible_to_inventory": false,
      "max_value": 10000000000000
    }
  ]
}