{
  "version": "0.0.1",
  "records": [
    {
      "id": 203401,
      "custom_shop_id": 2034,
      "custom_order": 1,
      "package_group_id": 203401,
      "custom_group_id": 203401,
      "custom_group_count": 2,
      "name_localkey": "Locale_InAppShopProduct:PACKAGESHOP_CUSTOM_01_PRODUCT_01_NAME",
      "description_localkey": "Locale_InAppShopProduct:PACKAGESHOP_PRODUCT_DESC",
      "product_resource_id": "icn_inappshop_package_custom_01_01",
      "buy_limit_type": "Account",
      "is_limit": true,
      "buy_limit_count": 1,
      "is_free": false,
      "midas_product_id": 10203401
    },
    {
      "id": 203402,
      "custom_shop_id": 2034,
      "custom_order": 2,
      "package_group_id": 203402,
      "custom_group_id": 203402,
      "custom_group_count": 3,
      "name_localkey": "Locale_InAppShopProduct:PACKAGESHOP_CUSTOM_01_PRODUCT_02_NAME",
      "description_localkey": "Locale_InAppShopProduct:PACKAGESHOP_PRODUCT_DESC",
      "product_resource_id": "icn_inappshop_package_custom_01_01",
      "buy_limit_type": "Account",
      "is_limit": true,
      "buy_limit_count": 1,
      "is_free": false,
      "midas_product_id": 10203402
    },
    {
      "id": 203403,
      "custom_shop_id": 2034,
      "custom_order": 3,
      "package_group_id": 203403,
      "custom_group_id": 203403,
      "custom_group_count": 4,
      "name_localkey": "Locale_InAppShopProduct:PACKAGESHOP_CUSTOM_01_PRODUCT_03_NAME",
      "description_localkey": "Locale_InAppShopProduct:PACKAGESHOP_PRODUCT_DESC",
      "product_resource_id": "icn_inappshop_package_custom_01_01",
      "buy_limit_type": "Account",
      "is_limit": true,
      "buy_limit_count": 1,
      "is_free": false,
      "midas_product_id": 10203403
    },
    {
      "id": 203601,
      "custom_shop_id": 2036,
      "custom_order": 1,
      "package_group_id": 203601,
      "custom_group_id": 203601,
      "custom_group_count": 2,
      "name_localkey": "Locale_InAppShopProduct:PACKAGESHOP_CUSTOM_01_PRODUCT_01_NAME",
      "description_localkey": "Locale_InAppShopProduct:PACKAGESHOP_PRODUCT_DESC",
      "product_resource_id": "icn_inappshop_package_custom_01_01",
      "buy_limit_type": "Account",
      "is_limit": true,
      "buy_limit_count": 1,
      "is_free": false,
      "midas_product_id": 10203601
    },
    {
      "id": 203602,
      "custom_shop_id": 2036,
      "custom_order": 2,
      "package_group_id": 203602,
      "custom_group_id": 203602,
      "custom_group_count": 3,
      "name_localkey": "Locale_InAppShopProduct:PACKAGESHOP_CUSTOM_01_PRODUCT_02_NAME",
      "description_localkey": "Locale_InAppShopProduct:PACKAGESHOP_PRODUCT_DESC",
      "product_resource_id": "icn_inappshop_package_custom_01_01",
      "buy_limit_type": "Account",
      "is_limit": true,
      "buy_limit_count": 1,
      "is_free": false,
      "midas_product_id": 10203602
    },
    {
      "id": 203603,
      "custom_shop_id": 2036,
      "custom_order": 3,
      "package_group_id": 203603,
      "custom_group_id": 203603,
      "custom_group_count": 4,
      "name_localkey": "Locale_InAppShopProduct:PACKAGESHOP_CUSTOM_01_PRODUCT_03_NAME",
      "description_localkey": "Locale_InAppShopProduct:PACKAGESHOP_PRODUCT_DESC",
      "product_resource_id": "icn_inappshop_package_custom_01_01",
      "buy_limit_type": "Account",
      "is_limit": true,
      "buy_limit_count": 1,
      "is_free": false,
      "midas_product_id": 10203603
    },
    {
      "id": 204401,
      "custom_shop_id": 2044,
      "custom_order": 1,
      "package_group_id": 203601,
      "custom_group_id": 203601,
      "custom_group_count": 2,
      "name_localkey": "Locale_InAppShopProduct:PACKAGESHOP_CUSTOM_01_PRODUCT_01_NAME",
      "description_localkey": "Locale_InAppShopProduct:PACKAGESHOP_PRODUCT_DESC",
      "product_resource_id": "icn_inappshop_package_custom_01_01",
      "buy_limit_type": "Account",
      "is_limit": true,
      "buy_limit_count": 1,
      "is_free": false,
      "midas_product_id": 10204401
    },
    {
      "id": 204402,
      "custom_shop_id": 2044,
      "custom_order": 2,
      "package_group_id": 203602,
      "custom_group_id": 203602,
      "custom_group_count": 3,
      "name_localkey": "Locale_InAppShopProduct:PACKAGESHOP_CUSTOM_01_PRODUCT_02_NAME",
      "description_localkey": "Locale_InAppShopProduct:PACKAGESHOP_PRODUCT_DESC",
      "product_resource_id": "icn_inappshop_package_custom_01_01",
      "buy_limit_type": "Account",
      "is_limit": true,
      "buy_limit_count": 1,
      "is_free": false,
      "midas_product_id": 10204402
    },
    {
      "id": 204403,
      "custom_shop_id": 2044,
      "custom_order": 3,
      "package_group_id": 203603,
      "custom_group_id": 203603,
      "custom_group_count": 4,
      "name_localkey": "Locale_InAppShopProduct:PACKAGESHOP_CUSTOM_01_PRODUCT_03_NAME",
      "description_localkey": "Locale_InAppShopProduct:PACKAGESHOP_PRODUCT_DESC",
      "product_resource_id": "icn_inappshop_package_custom_01_01",
      "buy_limit_type": "Account",
      "is_limit": true,
      "buy_limit_count": 1,
      "is_free": false,
      "midas_product_id": 10204403
    },
    {
      "id": 204901,
      "custom_shop_id": 2049,
      "custom_order": 1,
      "package_group_id": 203601,
      "custom_group_id": 203601,
      "custom_group_count": 2,
      "name_localkey": "Locale_InAppShopProduct:PACKAGESHOP_CUSTOM_01_PRODUCT_01_NAME",
      "description_localkey": "Locale_InAppShopProduct:PACKAGESHOP_PRODUCT_DESC",
      "product_resource_id": "icn_inappshop_package_custom_01_01",
      "buy_limit_type": "Account",
      "is_limit": true,
      "buy_limit_count": 1,
      "is_free": false,
      "midas_product_id": 10204901
    },
    {
      "id": 204902,
      "custom_shop_id": 2049,
      "custom_order": 2,
      "package_group_id": 203602,
      "custom_group_id": 203602,
      "custom_group_count": 3,
      "name_localkey": "Locale_InAppShopProduct:PACKAGESHOP_CUSTOM_01_PRODUCT_02_NAME",
      "description_localkey": "Locale_InAppShopProduct:PACKAGESHOP_PRODUCT_DESC",
      "product_resource_id": "icn_inappshop_package_custom_01_01",
      "buy_limit_type": "Account",
      "is_limit": true,
      "buy_limit_count": 1,
      "is_free": false,
      "midas_product_id": 10204902
    },
    {
      "id": 204903,
      "custom_shop_id": 2049,
      "custom_order": 3,
      "package_group_id": 203603,
      "custom_group_id": 203603,
      "custom_group_count": 4,
      "name_localkey": "Locale_InAppShopProduct:PACKAGESHOP_CUSTOM_01_PRODUCT_03_NAME",
      "description_localkey": "Locale_InAppShopProduct:PACKAGESHOP_PRODUCT_DESC",
      "product_resource_id": "icn_inappshop_package_custom_01_01",
      "buy_limit_type": "Account",
      "is_limit": true,
      "buy_limit_count": 1,
      "is_free": false,
      "midas_product_id": 10204903
    },
    {
      "id": 205301,
      "custom_shop_id": 2053,
      "custom_order": 1,
      "package_group_id": 203601,
      "custom_group_id": 203601,
      "custom_group_count": 2,
      "name_localkey": "Locale_InAppShopProduct:PACKAGESHOP_CUSTOM_01_PRODUCT_01_NAME",
      "description_localkey": "Locale_InAppShopProduct:PACKAGESHOP_PRODUCT_DESC",
      "product_resource_id": "icn_inappshop_package_custom_01_01",
      "buy_limit_type": "Account",
      "is_limit": true,
      "buy_limit_count": 1,
      "is_free": false,
      "midas_product_id": 10205301
    },
    {
      "id": 205302,
      "custom_shop_id": 2053,
      "custom_order": 2,
      "package_group_id": 203602,
      "custom_group_id": 203602,
      "custom_group_count": 3,
      "name_localkey": "Locale_InAppShopProduct:PACKAGESHOP_CUSTOM_01_PRODUCT_02_NAME",
      "description_localkey": "Locale_InAppShopProduct:PACKAGESHOP_PRODUCT_DESC",
      "product_resource_id": "icn_inappshop_package_custom_01_01",
      "buy_limit_type": "Account",
      "is_limit": true,
      "buy_limit_count": 1,
      "is_free": false,
      "midas_product_id": 10205302
    },
    {
      "id": 205303,
      "custom_shop_id": 2053,
      "custom_order": 3,
      "package_group_id": 203603,
      "custom_group_id": 203603,
      "custom_group_count": 4,
      "name_localkey": "Locale_InAppShopProduct:PACKAGESHOP_CUSTOM_01_PRODUCT_03_NAME",
      "description_localkey": "Locale_InAppShopProduct:PACKAGESHOP_PRODUCT_DESC",
      "product_resource_id": "icn_inappshop_package_custom_01_01",
      "buy_limit_type": "Account",
      "is_limit": true,
      "buy_limit_count": 1,
      "is_free": false,
      "midas_product_id": 10205303
    },
    {
      "id": 205501,
      "custom_shop_id": 2055,
      "custom_order": 1,
      "package_group_id": 203601,
      "custom_group_id": 203601,
      "custom_group_count": 2,
      "name_localkey": "Locale_InAppShopProduct:PACKAGESHOP_CUSTOM_01_PRODUCT_01_NAME",
      "description_localkey": "Locale_InAppShopProduct:PACKAGESHOP_PRODUCT_DESC",
      "product_resource_id": "icn_inappshop_package_custom_01_01",
      "buy_limit_type": "Account",
      "is_limit": true,
      "buy_limit_count": 1,
      "is_free": false,
      "midas_product_id": 10205501
    },
    {
      "id": 205502,
      "custom_shop_id": 2055,
      "custom_order": 2,
      "package_group_id": 203602,
      "custom_group_id": 203602,
      "custom_group_count": 3,
      "name_localkey": "Locale_InAppShopProduct:PACKAGESHOP_CUSTOM_01_PRODUCT_02_NAME",
      "description_localkey": "Locale_InAppShopProduct:PACKAGESHOP_PRODUCT_DESC",
      "product_resource_id": "icn_inappshop_package_custom_01_01",
      "buy_limit_type": "Account",
      "is_limit": true,
      "buy_limit_count": 1,
      "is_free": false,
      "midas_product_id": 10205502
    },
    {
      "id": 205503,
      "custom_shop_id": 2055,
      "custom_order": 3,
      "package_group_id": 203603,
      "custom_group_id": 203603,
      "custom_group_count": 4,
      "name_localkey": "Locale_InAppShopProduct:PACKAGESHOP_CUSTOM_01_PRODUCT_03_NAME",
      "description_localkey": "Locale_InAppShopProduct:PACKAGESHOP_PRODUCT_DESC",
      "product_resource_id": "icn_inappshop_package_custom_01_01",
      "buy_limit_type": "Account",
      "is_limit": true,
      "buy_limit_count": 1,
      "is_free": false,
      "midas_product_id": 10205503
    },
    {
      "id": 206101,
      "custom_shop_id": 2061,
      "custom_order": 1,
      "package_group_id": 203601,
      "custom_group_id": 203601,
      "custom_group_count": 2,
      "name_localkey": "Locale_InAppShopProduct:PACKAGESHOP_CUSTOM_01_PRODUCT_01_NAME",
      "description_localkey": "Locale_InAppShopProduct:PACKAGESHOP_PRODUCT_DESC",
      "product_resource_id": "icn_inappshop_package_custom_01_01",
      "buy_limit_type": "Account",
      "is_limit": true,
      "buy_limit_count": 1,
      "is_free": false,
      "midas_product_id": 10206101
    },
    {
      "id": 206102,
      "custom_shop_id": 2061,
      "custom_order": 2,
      "package_group_id": 203602,
      "custom_group_id": 203602,
      "custom_group_count": 3,
      "name_localkey": "Locale_InAppShopProduct:PACKAGESHOP_CUSTOM_01_PRODUCT_02_NAME",
      "description_localkey": "Locale_InAppShopProduct:PACKAGESHOP_PRODUCT_DESC",
      "product_resource_id": "icn_inappshop_package_custom_01_01",
      "buy_limit_type": "Account",
      "is_limit": true,
      "buy_limit_count": 1,
      "is_free": false,
      "midas_product_id": 10206102
    },
    {
      "id": 206103,
      "custom_shop_id": 2061,
      "custom_order": 3,
      "package_group_id": 203603,
      "custom_group_id": 203603,
      "custom_group_count": 4,
      "name_localkey": "Locale_InAppShopProduct:PACKAGESHOP_CUSTOM_01_PRODUCT_03_NAME",
      "description_localkey": "Locale_InAppShopProduct:PACKAGESHOP_PRODUCT_DESC",
      "product_resource_id": "icn_inappshop_package_custom_01_01",
      "buy_limit_type": "Account",
      "is_limit": true,
      "buy_limit_count": 1,
      "is_free": false,
      "midas_product_id": 10206103
    },
    {
      "id": 206701,
      "custom_shop_id": 2067,
      "custom_order": 1,
      "package_group_id": 203601,
      "custom_group_id": 203601,
      "custom_group_count": 2,
      "name_localkey": "Locale_InAppShopProduct:PACKAGESHOP_CUSTOM_01_PRODUCT_01_NAME",
      "description_localkey": "Locale_InAppShopProduct:PACKAGESHOP_PRODUCT_DESC",
      "product_resource_id": "icn_inappshop_package_custom_01_01",
      "buy_limit_type": "Account",
      "is_limit": true,
      "buy_limit_count": 1,
      "is_free": false,
      "midas_product_id": 10206701
    },
    {
      "id": 206702,
      "custom_shop_id": 2067,
      "custom_order": 2,
      "package_group_id": 203602,
      "custom_group_id": 203602,
      "custom_group_count": 3,
      "name_localkey": "Locale_InAppShopProduct:PACKAGESHOP_CUSTOM_01_PRODUCT_02_NAME",
      "description_localkey": "Locale_InAppShopProduct:PACKAGESHOP_PRODUCT_DESC",
      "product_resource_id": "icn_inappshop_package_custom_01_01",
      "buy_limit_type": "Account",
      "is_limit": true,
      "buy_limit_count": 1,
      "is_free": false,
      "midas_product_id": 10206702
    },
    {
      "id": 206703,
      "custom_shop_id": 2067,
      "custom_order": 3,
      "package_group_id": 203603,
      "custom_group_id": 203603,
      "custom_group_count": 4,
      "name_localkey": "Locale_InAppShopProduct:PACKAGESHOP_CUSTOM_01_PRODUCT_03_NAME",
      "description_localkey": "Locale_InAppShopProduct:PACKAGESHOP_PRODUCT_DESC",
      "product_resource_id": "icn_inappshop_package_custom_01_01",
      "buy_limit_type": "Account",
      "is_limit": true,
      "buy_limit_count": 1,
      "is_free": false,
      "midas_product_id": 10206703
    },
    {
      "id": 207201,
      "custom_shop_id": 2072,
      "custom_order": 1,
      "package_group_id": 207201,
      "custom_group_id": 207201,
      "custom_group_count": 2,
      "name_localkey": "Locale_InAppShopProduct:PACKAGESHOP_CUSTOM_02_PRODUCT_01_NAME",
      "description_localkey": "Locale_InAppShopProduct:PACKAGESHOP_PRODUCT_DESC",
      "product_resource_id": "icn_inappshop_package_custom_01_01",
      "buy_limit_type": "Account",
      "is_limit": true,
      "buy_limit_count": 1,
      "is_free": false,
      "midas_product_id": 10207201
    },
    {
      "id": 207202,
      "custom_shop_id": 2072,
      "custom_order": 2,
      "package_group_id": 207202,
      "custom_group_id": 207202,
      "custom_group_count": 3,
      "name_localkey": "Locale_InAppShopProduct:PACKAGESHOP_CUSTOM_02_PRODUCT_02_NAME",
      "description_localkey": "Locale_InAppShopProduct:PACKAGESHOP_PRODUCT_DESC",
      "product_resource_id": "icn_inappshop_package_custom_01_01",
      "buy_limit_type": "Account",
      "is_limit": true,
      "buy_limit_count": 1,
      "is_free": false,
      "midas_product_id": 10207202
    },
    {
      "id": 207203,
      "custom_shop_id": 2072,
      "custom_order": 3,
      "package_group_id": 207203,
      "custom_group_id": 207203,
      "custom_group_count": 4,
      "name_localkey": "Locale_InAppShopProduct:PACKAGESHOP_CUSTOM_02_PRODUCT_03_NAME",
      "description_localkey": "Locale_InAppShopProduct:PACKAGESHOP_PRODUCT_DESC",
      "product_resource_id": "icn_inappshop_package_custom_01_01",
      "buy_limit_type": "Account",
      "is_limit": true,
      "buy_limit_count": 1,
      "is_free": false,
      "midas_product_id": 10207203
    },
    {
      "id": 207901,
      "custom_shop_id": 2079,
      "custom_order": 1,
      "package_group_id": 207201,
      "custom_group_id": 207201,
      "custom_group_count": 2,
      "name_localkey": "Locale_InAppShopProduct:PACKAGESHOP_CUSTOM_02_PRODUCT_01_NAME",
      "description_localkey": "Locale_InAppShopProduct:PACKAGESHOP_PRODUCT_DESC",
      "product_resource_id": "icn_inappshop_package_custom_01_01",
      "buy_limit_type": "Account",
      "is_limit": true,
      "buy_limit_count": 1,
      "is_free": false,
      "midas_product_id": 10207901
    },
    {
      "id": 207902,
      "custom_shop_id": 2079,
      "custom_order": 2,
      "package_group_id": 207202,
      "custom_group_id": 207202,
      "custom_group_count": 3,
      "name_localkey": "Locale_InAppShopProduct:PACKAGESHOP_CUSTOM_02_PRODUCT_02_NAME",
      "description_localkey": "Locale_InAppShopProduct:PACKAGESHOP_PRODUCT_DESC",
      "product_resource_id": "icn_inappshop_package_custom_01_01",
      "buy_limit_type": "Account",
      "is_limit": true,
      "buy_limit_count": 1,
      "is_free": false,
      "midas_product_id": 10207902
    },
    {
      "id": 207903,
      "custom_shop_id": 2079,
      "custom_order": 3,
      "package_group_id": 207203,
      "custom_group_id": 207203,
      "custom_group_count": 4,
      "name_localkey": "Locale_InAppShopProduct:PACKAGESHOP_CUSTOM_02_PRODUCT_03_NAME",
      "description_localkey": "Locale_InAppShopProduct:PACKAGESHOP_PRODUCT_DESC",
      "product_resource_id": "icn_inappshop_package_custom_01_01",
      "buy_limit_type": "Account",
      "is_limit": true,
      "buy_limit_count": 1,
      "is_free": false,
      "midas_product_id": 10207903
    },
    {
      "id": 208301,
      "custom_shop_id": 2083,
      "custom_order": 1,
      "package_group_id": 207201,
      "custom_group_id": 207201,
      "custom_group_count": 2,
      "name_localkey": "Locale_InAppShopProduct:PACKAGESHOP_CUSTOM_02_PRODUCT_01_NAME",
      "description_localkey": "Locale_InAppShopProduct:PACKAGESHOP_PRODUCT_DESC",
      "product_resource_id": "icn_inappshop_package_custom_01_01",
      "buy_limit_type": "Account",
      "is_limit": true,
      "buy_limit_count": 1,
      "is_free": false,
      "midas_product_id": 10208301
    },
    {
      "id": 208302,
      "custom_shop_id": 2083,
      "custom_order": 2,
      "package_group_id": 207202,
      "custom_group_id": 207202,
      "custom_group_count": 3,
      "name_localkey": "Locale_InAppShopProduct:PACKAGESHOP_CUSTOM_02_PRODUCT_02_NAME",
      "description_localkey": "Locale_InAppShopProduct:PACKAGESHOP_PRODUCT_DESC",
      "product_resource_id": "icn_inappshop_package_custom_01_01",
      "buy_limit_type": "Account",
      "is_limit": true,
      "buy_limit_count": 1,
      "is_free": false,
      "midas_product_id": 10208302
    },
    {
      "id": 208303,
      "custom_shop_id": 2083,
      "custom_order": 3,
      "package_group_id": 207203,
      "custom_group_id": 207203,
      "custom_group_count": 4,
      "name_localkey": "Locale_InAppShopProduct:PACKAGESHOP_CUSTOM_02_PRODUCT_03_NAME",
      "description_localkey": "Locale_InAppShopProduct:PACKAGESHOP_PRODUCT_DESC",
      "product_resource_id": "icn_inappshop_package_custom_01_01",
      "buy_limit_type": "Account",
      "is_limit": true,
      "buy_limit_count": 1,
      "is_free": false,
      "midas_product_id": 10208303
    },
    {
      "id": 209001,
      "custom_shop_id": 2090,
      "custom_order": 1,
      "package_group_id": 207201,
      "custom_group_id": 207201,
      "custom_group_count": 2,
      "name_localkey": "Locale_InAppShopProduct:PACKAGESHOP_CUSTOM_02_PRODUCT_01_NAME",
      "description_localkey": "Locale_InAppShopProduct:PACKAGESHOP_PRODUCT_DESC",
      "product_resource_id": "icn_inappshop_package_custom_01_01",
      "buy_limit_type": "Account",
      "is_limit": true,
      "buy_limit_count": 1,
      "is_free": false,
      "midas_product_id": 10209001
    },
    {
      "id": 209002,
      "custom_shop_id": 2090,
      "custom_order": 2,
      "package_group_id": 207202,
      "custom_group_id": 207202,
      "custom_group_count": 3,
      "name_localkey": "Locale_InAppShopProduct:PACKAGESHOP_CUSTOM_02_PRODUCT_02_NAME",
      "description_localkey": "Locale_InAppShopProduct:PACKAGESHOP_PRODUCT_DESC",
      "product_resource_id": "icn_inappshop_package_custom_01_01",
      "buy_limit_type": "Account",
      "is_limit": true,
      "buy_limit_count": 1,
      "is_free": false,
      "midas_product_id": 10209002
    },
    {
      "id": 209003,
      "custom_shop_id": 2090,
      "custom_order": 3,
      "package_group_id": 207203,
      "custom_group_id": 207203,
      "custom_group_count": 4,
      "name_localkey": "Locale_InAppShopProduct:PACKAGESHOP_CUSTOM_02_PRODUCT_03_NAME",
      "description_localkey": "Locale_InAppShopProduct:PACKAGESHOP_PRODUCT_DESC",
      "product_resource_id": "icn_inappshop_package_custom_01_01",
      "buy_limit_type": "Account",
      "is_limit": true,
      "buy_limit_count": 1,
      "is_free": false,
      "midas_product_id": 10209003
    },
    {
      "id": 209601,
      "custom_shop_id": 2096,
      "custom_order": 1,
      "package_group_id": 209601,
      "custom_group_id": 209601,
      "custom_group_count": 2,
      "name_localkey": "Locale_InAppShopProduct:PACKAGESHOP_CUSTOM_03_PRODUCT_01_NAME",
      "description_localkey": "Locale_InAppShopProduct:PACKAGESHOP_PRODUCT_DESC",
      "product_resource_id": "icn_inappshop_package_custom_02_01",
      "buy_limit_type": "Account",
      "is_limit": true,
      "buy_limit_count": 1,
      "is_free": false,
      "midas_product_id": 10209601
    },
    {
      "id": 209602,
      "custom_shop_id": 2096,
      "custom_order": 2,
      "package_group_id": 209602,
      "custom_group_id": 209602,
      "custom_group_count": 3,
      "name_localkey": "Locale_InAppShopProduct:PACKAGESHOP_CUSTOM_03_PRODUCT_02_NAME",
      "description_localkey": "Locale_InAppShopProduct:PACKAGESHOP_PRODUCT_DESC",
      "product_resource_id": "icn_inappshop_package_custom_02_02",
      "buy_limit_type": "Account",
      "is_limit": true,
      "buy_limit_count": 1,
      "is_free": false,
      "midas_product_id": 10209602
    },
    {
      "id": 209603,
      "custom_shop_id": 2096,
      "custom_order": 3,
      "package_group_id": 209603,
      "custom_group_id": 209603,
      "custom_group_count": 4,
      "name_localkey": "Locale_InAppShopProduct:PACKAGESHOP_CUSTOM_03_PRODUCT_03_NAME",
      "description_localkey": "Locale_InAppShopProduct:PACKAGESHOP_PRODUCT_DESC",
      "product_resource_id": "icn_inappshop_package_custom_02_03",
      "buy_limit_type": "Account",
      "is_limit": true,
      "buy_limit_count": 1,
      "is_free": false,
      "midas_product_id": 10209603
    },
    {
      "id": 210301,
      "custom_shop_id": 2103,
      "custom_order": 1,
      "package_group_id": 209601,
      "custom_group_id": 209601,
      "custom_group_count": 2,
      "name_localkey": "Locale_InAppShopProduct:PACKAGESHOP_CUSTOM_03_PRODUCT_01_NAME",
      "description_localkey": "Locale_InAppShopProduct:PACKAGESHOP_PRODUCT_DESC",
      "product_resource_id": "icn_inappshop_package_custom_02_01",
      "buy_limit_type": "Account",
      "is_limit": true,
      "buy_limit_count": 1,
      "is_free": false,
      "midas_product_id": 10210301
    },
    {
      "id": 210302,
      "custom_shop_id": 2103,
      "custom_order": 2,
      "package_group_id": 209602,
      "custom_group_id": 209602,
      "custom_group_count": 3,
      "name_localkey": "Locale_InAppShopProduct:PACKAGESHOP_CUSTOM_03_PRODUCT_02_NAME",
      "description_localkey": "Locale_InAppShopProduct:PACKAGESHOP_PRODUCT_DESC",
      "product_resource_id": "icn_inappshop_package_custom_02_02",
      "buy_limit_type": "Account",
      "is_limit": true,
      "buy_limit_count": 1,
      "is_free": false,
      "midas_product_id": 10210302
    },
    {
      "id": 210303,
      "custom_shop_id": 2103,
      "custom_order": 3,
      "package_group_id": 209603,
      "custom_group_id": 209603,
      "custom_group_count": 4,
      "name_localkey": "Locale_InAppShopProduct:PACKAGESHOP_CUSTOM_03_PRODUCT_03_NAME",
      "description_localkey": "Locale_InAppShopProduct:PACKAGESHOP_PRODUCT_DESC",
      "product_resource_id": "icn_inappshop_package_custom_02_03",
      "buy_limit_type": "Account",
      "is_limit": true,
      "buy_limit_count": 1,
      "is_free": false,
      "midas_product_id": 10210303
    },
    {
      "id": 210801,
      "custom_shop_id": 2108,
      "custom_order": 1,
      "package_group_id": 209601,
      "custom_group_id": 209601,
      "custom_group_count": 2,
      "name_localkey": "Locale_InAppShopProduct:PACKAGESHOP_CUSTOM_03_PRODUCT_01_NAME",
      "description_localkey": "Locale_InAppShopProduct:PACKAGESHOP_PRODUCT_DESC",
      "product_resource_id": "icn_inappshop_package_custom_02_01",
      "buy_limit_type": "Account",
      "is_limit": true,
      "buy_limit_count": 1,
      "is_free": false,
      "midas_product_id": 10210801
    },
    {
      "id": 210802,
      "custom_shop_id": 2108,
      "custom_order": 2,
      "package_group_id": 209602,
      "custom_group_id": 209602,
      "custom_group_count": 3,
      "name_localkey": "Locale_InAppShopProduct:PACKAGESHOP_CUSTOM_03_PRODUCT_02_NAME",
      "description_localkey": "Locale_InAppShopProduct:PACKAGESHOP_PRODUCT_DESC",
      "product_resource_id": "icn_inappshop_package_custom_02_02",
      "buy_limit_type": "Account",
      "is_limit": true,
      "buy_limit_count": 1,
      "is_free": false,
      "midas_product_id": 10210802
    },
    {
      "id": 210803,
      "custom_shop_id": 2108,
      "custom_order": 3,
      "package_group_id": 209603,
      "custom_group_id": 209603,
      "custom_group_count": 4,
      "name_localkey": "Locale_InAppShopProduct:PACKAGESHOP_CUSTOM_03_PRODUCT_03_NAME",
      "description_localkey": "Locale_InAppShopProduct:PACKAGESHOP_PRODUCT_DESC",
      "product_resource_id": "icn_inappshop_package_custom_02_03",
      "buy_limit_type": "Account",
      "is_limit": true,
      "buy_limit_count": 1,
      "is_free": false,
      "midas_product_id": 10210803
    },
    {
      "id": 211301,
      "custom_shop_id": 2113,
      "custom_order": 1,
      "package_group_id": 209601,
      "custom_group_id": 209601,
      "custom_group_count": 2,
      "name_localkey": "Locale_InAppShopProduct:PACKAGESHOP_CUSTOM_03_PRODUCT_01_NAME",
      "description_localkey": "Locale_InAppShopProduct:PACKAGESHOP_PRODUCT_DESC",
      "product_resource_id": "icn_inappshop_package_custom_02_01",
      "buy_limit_type": "Account",
      "is_limit": true,
      "buy_limit_count": 1,
      "is_free": false,
      "midas_product_id": 10211301
    },
    {
      "id": 211302,
      "custom_shop_id": 2113,
      "custom_order": 2,
      "package_group_id": 209602,
      "custom_group_id": 209602,
      "custom_group_count": 3,
      "name_localkey": "Locale_InAppShopProduct:PACKAGESHOP_CUSTOM_03_PRODUCT_02_NAME",
      "description_localkey": "Locale_InAppShopProduct:PACKAGESHOP_PRODUCT_DESC",
      "product_resource_id": "icn_inappshop_package_custom_02_02",
      "buy_limit_type": "Account",
      "is_limit": true,
      "buy_limit_count": 1,
      "is_free": false,
      "midas_product_id": 10211302
    },
    {
      "id": 211303,
      "custom_shop_id": 2113,
      "custom_order": 3,
      "package_group_id": 209603,
      "custom_group_id": 209603,
      "custom_group_count": 4,
      "name_localkey": "Locale_InAppShopProduct:PACKAGESHOP_CUSTOM_03_PRODUCT_03_NAME",
      "description_localkey": "Locale_InAppShopProduct:PACKAGESHOP_PRODUCT_DESC",
      "product_resource_id": "icn_inappshop_package_custom_02_03",
      "buy_limit_type": "Account",
      "is_limit": true,
      "buy_limit_count": 1,
      "is_free": false,
      "midas_product_id": 10211303
    },
    {
      "id": 211601,
      "custom_shop_id": 2116,
      "custom_order": 1,
      "package_group_id": 209601,
      "custom_group_id": 209601,
      "custom_group_count": 2,
      "name_localkey": "Locale_InAppShopProduct:PACKAGESHOP_CUSTOM_03_PRODUCT_01_NAME",
      "description_localkey": "Locale_InAppShopProduct:PACKAGESHOP_PRODUCT_DESC",
      "product_resource_id": "icn_inappshop_package_custom_02_01",
      "buy_limit_type": "Account",
      "is_limit": true,
      "buy_limit_count": 1,
      "is_free": false,
      "midas_product_id": 10211601
    },
    {
      "id": 211602,
      "custom_shop_id": 2116,
      "custom_order": 2,
      "package_group_id": 209602,
      "custom_group_id": 209602,
      "custom_group_count": 3,
      "name_localkey": "Locale_InAppShopProduct:PACKAGESHOP_CUSTOM_03_PRODUCT_02_NAME",
      "description_localkey": "Locale_InAppShopProduct:PACKAGESHOP_PRODUCT_DESC",
      "product_resource_id": "icn_inappshop_package_custom_02_02",
      "buy_limit_type": "Account",
      "is_limit": true,
      "buy_limit_count": 1,
      "is_free": false,
      "midas_product_id": 10211602
    },
    {
      "id": 211603,
      "custom_shop_id": 2116,
      "custom_order": 3,
      "package_group_id": 209603,
      "custom_group_id": 209603,
      "custom_group_count": 4,
      "name_localkey": "Locale_InAppShopProduct:PACKAGESHOP_CUSTOM_03_PRODUCT_03_NAME",
      "description_localkey": "Locale_InAppShopProduct:PACKAGESHOP_PRODUCT_DESC",
      "product_resource_id": "icn_inappshop_package_custom_02_03",
      "buy_limit_type": "Account",
      "is_limit": true,
      "buy_limit_count": 1,
      "is_free": false,
      "midas_product_id": 10211603
    },
    {
      "id": 212001,
      "custom_shop_id": 2120,
      "custom_order": 1,
      "package_group_id": 209601,
      "custom_group_id": 209601,
      "custom_group_count": 2,
      "name_localkey": "Locale_InAppShopProduct:PACKAGESHOP_CUSTOM_03_PRODUCT_01_NAME",
      "description_localkey": "Locale_InAppShopProduct:PACKAGESHOP_PRODUCT_DESC",
      "product_resource_id": "icn_inappshop_package_custom_02_01",
      "buy_limit_type": "Account",
      "is_limit": true,
      "buy_limit_count": 1,
      "is_free": false,
      "midas_product_id": 10212001
    },
    {
      "id": 212002,
      "custom_shop_id": 2120,
      "custom_order": 2,
      "package_group_id": 209602,
      "custom_group_id": 209602,
      "custom_group_count": 3,
      "name_localkey": "Locale_InAppShopProduct:PACKAGESHOP_CUSTOM_03_PRODUCT_02_NAME",
      "description_localkey": "Locale_InAppShopProduct:PACKAGESHOP_PRODUCT_DESC",
      "product_resource_id": "icn_inappshop_package_custom_02_02",
      "buy_limit_type": "Account",
      "is_limit": true,
      "buy_limit_count": 1,
      "is_free": false,
      "midas_product_id": 10212002
    },
    {
      "id": 212003,
      "custom_shop_id": 2120,
      "custom_order": 3,
      "package_group_id": 209603,
      "custom_group_id": 209603,
      "custom_group_count": 4,
      "name_localkey": "Locale_InAppShopProduct:PACKAGESHOP_CUSTOM_03_PRODUCT_03_NAME",
      "description_localkey": "Locale_InAppShopProduct:PACKAGESHOP_PRODUCT_DESC",
      "product_resource_id": "icn_inappshop_package_custom_02_03",
      "buy_limit_type": "Account",
      "is_limit": true,
      "buy_limit_count": 1,
      "is_free": false,
      "midas_product_id": 10212003
    },
    {
      "id": 212401,
      "custom_shop_id": 2124,
      "custom_order": 1,
      "package_group_id": 209601,
      "custom_group_id": 209601,
      "custom_group_count": 2,
      "name_localkey": "Locale_InAppShopProduct:PACKAGESHOP_CUSTOM_03_PRODUCT_01_NAME",
      "description_localkey": "Locale_InAppShopProduct:PACKAGESHOP_PRODUCT_DESC",
      "product_resource_id": "icn_inappshop_package_custom_02_01",
      "buy_limit_type": "Account",
      "is_limit": true,
      "buy_limit_count": 1,
      "is_free": false,
      "midas_product_id": 10212401
    },
    {
      "id": 212402,
      "custom_shop_id": 2124,
      "custom_order": 2,
      "package_group_id": 209602,
      "custom_group_id": 209602,
      "custom_group_count": 3,
      "name_localkey": "Locale_InAppShopProduct:PACKAGESHOP_CUSTOM_03_PRODUCT_02_NAME",
      "description_localkey": "Locale_InAppShopProduct:PACKAGESHOP_PRODUCT_DESC",
      "product_resource_id": "icn_inappshop_package_custom_02_02",
      "buy_limit_type": "Account",
      "is_limit": true,
      "buy_limit_count": 1,
      "is_free": false,
      "midas_product_id": 10212402
    },
    {
      "id": 212403,
      "custom_shop_id": 2124,
      "custom_order": 3,
      "package_group_id": 209603,
      "custom_group_id": 209603,
      "custom_group_count": 4,
      "name_localkey": "Locale_InAppShopProduct:PACKAGESHOP_CUSTOM_03_PRODUCT_03_NAME",
      "description_localkey": "Locale_InAppShopProduct:PACKAGESHOP_PRODUCT_DESC",
      "product_resource_id": "icn_inappshop_package_custom_02_03",
      "buy_limit_type": "Account",
      "is_limit": true,
      "buy_limit_count": 1,
      "is_free": false,
      "midas_product_id": 10212403
    },
    {
      "id": 212701,
      "custom_shop_id": 2127,
      "custom_order": 1,
      "package_group_id": 209601,
      "custom_group_id": 209601,
      "custom_group_count": 2,
      "name_localkey": "Locale_InAppShopProduct:PACKAGESHOP_CUSTOM_03_PRODUCT_01_NAME",
      "description_localkey": "Locale_InAppShopProduct:PACKAGESHOP_PRODUCT_DESC",
      "product_resource_id": "icn_inappshop_package_custom_02_01",
      "buy_limit_type": "Account",
      "is_limit": true,
      "buy_limit_count": 1,
      "is_free": false,
      "midas_product_id": 10212701
    },
    {
      "id": 212702,
      "custom_shop_id": 2127,
      "custom_order": 2,
      "package_group_id": 209602,
      "custom_group_id": 209602,
      "custom_group_count": 3,
      "name_localkey": "Locale_InAppShopProduct:PACKAGESHOP_CUSTOM_03_PRODUCT_02_NAME",
      "description_localkey": "Locale_InAppShopProduct:PACKAGESHOP_PRODUCT_DESC",
      "product_resource_id": "icn_inappshop_package_custom_02_02",
      "buy_limit_type": "Account",
      "is_limit": true,
      "buy_limit_count": 1,
      "is_free": false,
      "midas_product_id": 10212702
    },
    {
      "id": 212703,
      "custom_shop_id": 2127,
      "custom_order": 3,
      "package_group_id": 209603,
      "custom_group_id": 209603,
      "custom_group_count": 4,
      "name_localkey": "Locale_InAppShopProduct:PACKAGESHOP_CUSTOM_03_PRODUCT_03_NAME",
      "description_localkey": "Locale_InAppShopProduct:PACKAGESHOP_PRODUCT_DESC",
      "product_resource_id": "icn_inappshop_package_custom_02_03",
      "buy_limit_type": "Account",
      "is_limit": true,
      "buy_limit_count": 1,
      "is_free": false,
      "midas_product_id": 10212703
    },
    {
      "id": 213201,
      "custom_shop_id": 2132,
      "custom_order": 1,
      "package_group_id": 213201,
      "custom_group_id": 213201,
      "custom_group_count": 3,
      "name_localkey": "Locale_InAppShopProduct:PACKAGESHOP_CUSTOM_01_PRODUCT_01_NAME",
      "description_localkey": "Locale_InAppShopProduct:PACKAGESHOP_PRODUCT_DESC",
      "product_resource_id": "icn_inappshop_package_custom_02_01",
      "buy_limit_type": "Account",
      "is_limit": true,
      "buy_limit_count": 1,
      "is_free": false,
      "midas_product_id": 10213201
    },
    {
      "id": 213202,
      "custom_shop_id": 2132,
      "custom_order": 2,
      "package_group_id": 213202,
      "custom_group_id": 213202,
      "custom_group_count": 4,
      "name_localkey": "Locale_InAppShopProduct:PACKAGESHOP_CUSTOM_01_PRODUCT_02_NAME",
      "description_localkey": "Locale_InAppShopProduct:PACKAGESHOP_PRODUCT_DESC",
      "product_resource_id": "icn_inappshop_package_custom_02_02",
      "buy_limit_type": "Account",
      "is_limit": true,
      "buy_limit_count": 1,
      "is_free": false,
      "midas_product_id": 10213202
    },
    {
      "id": 213203,
      "custom_shop_id": 2132,
      "custom_order": 3,
      "package_group_id": 213203,
      "custom_group_id": 213203,
      "custom_group_count": 4,
      "name_localkey": "Locale_InAppShopProduct:PACKAGESHOP_CUSTOM_01_PRODUCT_03_NAME",
      "description_localkey": "Locale_InAppShopProduct:PACKAGESHOP_PRODUCT_DESC",
      "product_resource_id": "icn_inappshop_package_custom_02_03",
      "buy_limit_type": "Account",
      "is_limit": true,
      "buy_limit_count": 1,
      "is_free": false,
      "midas_product_id": 10213203
    },
    {
      "id": 213801,
      "custom_shop_id": 2138,
      "custom_order": 1,
      "package_group_id": 213201,
      "custom_group_id": 213201,
      "custom_group_count": 3,
      "name_localkey": "Locale_InAppShopProduct:PACKAGESHOP_CUSTOM_01_PRODUCT_01_NAME",
      "description_localkey": "Locale_InAppShopProduct:PACKAGESHOP_PRODUCT_DESC",
      "product_resource_id": "icn_inappshop_package_custom_02_01",
      "buy_limit_type": "Account",
      "is_limit": true,
      "buy_limit_count": 1,
      "is_free": false,
      "midas_product_id": 10213801
    },
    {
      "id": 213802,
      "custom_shop_id": 2138,
      "custom_order": 2,
      "package_group_id": 213202,
      "custom_group_id": 213202,
      "custom_group_count": 4,
      "name_localkey": "Locale_InAppShopProduct:PACKAGESHOP_CUSTOM_01_PRODUCT_02_NAME",
      "description_localkey": "Locale_InAppShopProduct:PACKAGESHOP_PRODUCT_DESC",
      "product_resource_id": "icn_inappshop_package_custom_02_02",
      "buy_limit_type": "Account",
      "is_limit": true,
      "buy_limit_count": 1,
      "is_free": false,
      "midas_product_id": 10213802
    },
    {
      "id": 213803,
      "custom_shop_id": 2138,
      "custom_order": 3,
      "package_group_id": 213203,
      "custom_group_id": 213203,
      "custom_group_count": 4,
      "name_localkey": "Locale_InAppShopProduct:PACKAGESHOP_CUSTOM_01_PRODUCT_03_NAME",
      "description_localkey": "Locale_InAppShopProduct:PACKAGESHOP_PRODUCT_DESC",
      "product_resource_id": "icn_inappshop_package_custom_02_03",
      "buy_limit_type": "Account",
      "is_limit": true,
      "buy_limit_count": 1,
      "is_free": false,
      "midas_product_id": 10213803
    },
    {
      "id": 214501,
      "custom_shop_id": 2145,
      "custom_order": 1,
      "package_group_id": 213201,
      "custom_group_id": 213201,
      "custom_group_count": 3,
      "name_localkey": "Locale_InAppShopProduct:PACKAGESHOP_CUSTOM_01_PRODUCT_01_NAME",
      "description_localkey": "Locale_InAppShopProduct:PACKAGESHOP_PRODUCT_DESC",
      "product_resource_id": "icn_inappshop_package_custom_02_01",
      "buy_limit_type": "Account",
      "is_limit": true,
      "buy_limit_count": 1,
      "is_free": false,
      "midas_product_id": 10214501
    },
    {
      "id": 214502,
      "custom_shop_id": 2145,
      "custom_order": 2,
      "package_group_id": 213202,
      "custom_group_id": 213202,
      "custom_group_count": 4,
      "name_localkey": "Locale_InAppShopProduct:PACKAGESHOP_CUSTOM_01_PRODUCT_02_NAME",
      "description_localkey": "Locale_InAppShopProduct:PACKAGESHOP_PRODUCT_DESC",
      "product_resource_id": "icn_inappshop_package_custom_02_02",
      "buy_limit_type": "Account",
      "is_limit": true,
      "buy_limit_count": 1,
      "is_free": false,
      "midas_product_id": 10214502
    },
    {
      "id": 214503,
      "custom_shop_id": 2145,
      "custom_order": 3,
      "package_group_id": 213203,
      "custom_group_id": 213203,
      "custom_group_count": 4,
      "name_localkey": "Locale_InAppShopProduct:PACKAGESHOP_CUSTOM_01_PRODUCT_03_NAME",
      "description_localkey": "Locale_InAppShopProduct:PACKAGESHOP_PRODUCT_DESC",
      "product_resource_id": "icn_inappshop_package_custom_02_03",
      "buy_limit_type": "Account",
      "is_limit": true,
      "buy_limit_count": 1,
      "is_free": false,
      "midas_product_id": 10214503
    },
    {
      "id": 214901,
      "custom_shop_id": 2149,
      "custom_order": 1,
      "package_group_id": 213201,
      "custom_group_id": 213201,
      "custom_group_count": 3,
      "name_localkey": "Locale_InAppShopProduct:PACKAGESHOP_CUSTOM_01_PRODUCT_01_NAME",
      "description_localkey": "Locale_InAppShopProduct:PACKAGESHOP_PRODUCT_DESC",
      "product_resource_id": "icn_inappshop_package_custom_02_01",
      "buy_limit_type": "Account",
      "is_limit": true,
      "buy_limit_count": 1,
      "is_free": false,
      "midas_product_id": 10214901
    },
    {
      "id": 214902,
      "custom_shop_id": 2149,
      "custom_order": 2,
      "package_group_id": 213202,
      "custom_group_id": 213202,
      "custom_group_count": 4,
      "name_localkey": "Locale_InAppShopProduct:PACKAGESHOP_CUSTOM_01_PRODUCT_02_NAME",
      "description_localkey": "Locale_InAppShopProduct:PACKAGESHOP_PRODUCT_DESC",
      "product_resource_id": "icn_inappshop_package_custom_02_02",
      "buy_limit_type": "Account",
      "is_limit": true,
      "buy_limit_count": 1,
      "is_free": false,
      "midas_product_id": 10214902
    },
    {
      "id": 214903,
      "custom_shop_id": 2149,
      "custom_order": 3,
      "package_group_id": 213203,
      "custom_group_id": 213203,
      "custom_group_count": 4,
      "name_localkey": "Locale_InAppShopProduct:PACKAGESHOP_CUSTOM_01_PRODUCT_03_NAME",
      "description_localkey": "Locale_InAppShopProduct:PACKAGESHOP_PRODUCT_DESC",
      "product_resource_id": "icn_inappshop_package_custom_02_03",
      "buy_limit_type": "Account",
      "is_limit": true,
      "buy_limit_count": 1,
      "is_free": false,
      "midas_product_id": 10214903
    },
    {
      "id": 215701,
      "custom_shop_id": 2157,
      "custom_order": 1,
      "package_group_id": 213201,
      "custom_group_id": 213201,
      "custom_group_count": 3,
      "name_localkey": "Locale_InAppShopProduct:PACKAGESHOP_CUSTOM_01_PRODUCT_01_NAME",
      "description_localkey": "Locale_InAppShopProduct:PACKAGESHOP_PRODUCT_DESC",
      "product_resource_id": "icn_inappshop_package_custom_02_01",
      "buy_limit_type": "Account",
      "is_limit": true,
      "buy_limit_count": 1,
      "is_free": false,
      "midas_product_id": 10215701
    },
    {
      "id": 215702,
      "custom_shop_id": 2157,
      "custom_order": 2,
      "package_group_id": 213202,
      "custom_group_id": 213202,
      "custom_group_count": 4,
      "name_localkey": "Locale_InAppShopProduct:PACKAGESHOP_CUSTOM_01_PRODUCT_02_NAME",
      "description_localkey": "Locale_InAppShopProduct:PACKAGESHOP_PRODUCT_DESC",
      "product_resource_id": "icn_inappshop_package_custom_02_02",
      "buy_limit_type": "Account",
      "is_limit": true,
      "buy_limit_count": 1,
      "is_free": false,
      "midas_product_id": 10215702
    },
    {
      "id": 215703,
      "custom_shop_id": 2157,
      "custom_order": 3,
      "package_group_id": 213203,
      "custom_group_id": 213203,
      "custom_group_count": 4,
      "name_localkey": "Locale_InAppShopProduct:PACKAGESHOP_CUSTOM_01_PRODUCT_03_NAME",
      "description_localkey": "Locale_InAppShopProduct:PACKAGESHOP_PRODUCT_DESC",
      "product_resource_id": "icn_inappshop_package_custom_02_03",
      "buy_limit_type": "Account",
      "is_limit": true,
      "buy_limit_count": 1,
      "is_free": false,
      "midas_product_id": 10215703
    }
  ]
}