{
  "version": "0.0.1",
  "records": [
    {
      "id": 20340101,
      "custom_group_id": 203401,
      "slot_number": 1,
      "product_type": "Item",
      "product_id": 9301002,
      "product_value": 25
    },
    {
      "id": 20340102,
      "custom_group_id": 203401,
      "slot_number": 1,
      "product_type": "Item",
      "product_id": 9110001,
      "product_value": 150
    },
    {
      "id": 20340103,
      "custom_group_id": 203401,
      "slot_number": 1,
      "product_type": "Item",
      "product_id": 9120001,
      "product_value": 50
    },
    {
      "id": 20340104,
      "custom_group_id": 203401,
      "slot_number": 1,
      "product_type": "Item",
      "product_id": 9140001,
      "product_value": 50
    },
    {
      "id": 20340105,
      "custom_group_id": 203401,
      "slot_number": 2,
      "product_type": "Item",
      "product_id": 7091002,
      "product_value": 140
    },
    {
      "id": 20340106,
      "custom_group_id": 203401,
      "slot_number": 2,
      "product_type": "Item",
      "product_id": 7092002,
      "product_value": 70
    },
    {
      "id": 20340107,
      "custom_group_id": 203401,
      "slot_number": 2,
      "product_type": "Item",
      "product_id": 7091001,
      "product_value": 200
    },
    {
      "id": 20340108,
      "custom_group_id": 203401,
      "slot_number": 2,
      "product_type": "Item",
      "product_id": 7092001,
      "product_value": 100
    },
    {
      "id": 20340201,
      "custom_group_id": 203402,
      "slot_number": 1,
      "product_type": "Item",
      "product_id": 9402073,
      "product_value": 200
    },
    {
      "id": 20340202,
      "custom_group_id": 203402,
      "slot_number": 1,
      "product_type": "Item",
      "product_id": 9301002,
      "product_value": 50
    },
    {
      "id": 20340203,
      "custom_group_id": 203402,
      "slot_number": 1,
      "product_type": "Item",
      "product_id": 9110001,
      "product_value": 300
    },
    {
      "id": 20340204,
      "custom_group_id": 203402,
      "slot_number": 1,
      "product_type": "Item",
      "product_id": 9120001,
      "product_value": 100
    },
    {
      "id": 20340205,
      "custom_group_id": 203402,
      "slot_number": 1,
      "product_type": "Item",
      "product_id": 9140001,
      "product_value": 100
    },
    {
      "id": 20340206,
      "custom_group_id": 203402,
      "slot_number": 2,
      "product_type": "Item",
      "product_id": 7080001,
      "product_value": 2
    },
    {
      "id": 20340207,
      "custom_group_id": 203402,
      "slot_number": 2,
      "product_type": "Item",
      "product_id": 7091002,
      "product_value": 180
    },
    {
      "id": 20340208,
      "custom_group_id": 203402,
      "slot_number": 2,
      "product_type": "Item",
      "product_id": 7092002,
      "product_value": 90
    },
    {
      "id": 20340209,
      "custom_group_id": 203402,
      "slot_number": 2,
      "product_type": "Item",
      "product_id": 7091001,
      "product_value": 250
    },
    {
      "id": 20340210,
      "custom_group_id": 203402,
      "slot_number": 2,
      "product_type": "Item",
      "product_id": 7092001,
      "product_value": 125
    },
    {
      "id": 20340211,
      "custom_group_id": 203402,
      "slot_number": 3,
      "product_type": "Item",
      "product_id": 7091003,
      "product_value": 100
    },
    {
      "id": 20340212,
      "custom_group_id": 203402,
      "slot_number": 3,
      "product_type": "Item",
      "product_id": 7092003,
      "product_value": 50
    },
    {
      "id": 20340213,
      "custom_group_id": 203402,
      "slot_number": 3,
      "product_type": "Item",
      "product_id": 7091002,
      "product_value": 250
    },
    {
      "id": 20340214,
      "custom_group_id": 203402,
      "slot_number": 3,
      "product_type": "Item",
      "product_id": 7092002,
      "product_value": 125
    },
    {
      "id": 20340215,
      "custom_group_id": 203402,
      "slot_number": 3,
      "product_type": "Item",
      "product_id": 7091001,
      "product_value": 360
    },
    {
      "id": 20340216,
      "custom_group_id": 203402,
      "slot_number": 3,
      "product_type": "Item",
      "product_id": 7092001,
      "product_value": 180
    },
    {
      "id": 20340301,
      "custom_group_id": 203403,
      "slot_number": 1,
      "product_type": "Item",
      "product_id": 9402073,
      "product_value": 200
    },
    {
      "id": 20340302,
      "custom_group_id": 203403,
      "slot_number": 1,
      "product_type": "Item",
      "product_id": 9301002,
      "product_value": 50
    },
    {
      "id": 20340303,
      "custom_group_id": 203403,
      "slot_number": 1,
      "product_type": "Item",
      "product_id": 9110001,
      "product_value": 300
    },
    {
      "id": 20340304,
      "custom_group_id": 203403,
      "slot_number": 1,
      "product_type": "Item",
      "product_id": 9120001,
      "product_value": 100
    },
    {
      "id": 20340305,
      "custom_group_id": 203403,
      "slot_number": 1,
      "product_type": "Item",
      "product_id": 9140001,
      "product_value": 100
    },
    {
      "id": 20340306,
      "custom_group_id": 203403,
      "slot_number": 2,
      "product_type": "Item",
      "product_id": 7080001,
      "product_value": 3
    },
    {
      "id": 20340307,
      "custom_group_id": 203403,
      "slot_number": 2,
      "product_type": "Item",
      "product_id": 7091002,
      "product_value": 220
    },
    {
      "id": 20340308,
      "custom_group_id": 203403,
      "slot_number": 2,
      "product_type": "Item",
      "product_id": 7092002,
      "product_value": 110
    },
    {
      "id": 20340309,
      "custom_group_id": 203403,
      "slot_number": 2,
      "product_type": "Item",
      "product_id": 7091001,
      "product_value": 300
    },
    {
      "id": 20340310,
      "custom_group_id": 203403,
      "slot_number": 2,
      "product_type": "Item",
      "product_id": 7092001,
      "product_value": 150
    },
    {
      "id": 20340311,
      "custom_group_id": 203403,
      "slot_number": 3,
      "product_type": "Item",
      "product_id": 7091003,
      "product_value": 100
    },
    {
      "id": 20340312,
      "custom_group_id": 203403,
      "slot_number": 3,
      "product_type": "Item",
      "product_id": 7092003,
      "product_value": 50
    },
    {
      "id": 20340313,
      "custom_group_id": 203403,
      "slot_number": 3,
      "product_type": "Item",
      "product_id": 7091002,
      "product_value": 250
    },
    {
      "id": 20340314,
      "custom_group_id": 203403,
      "slot_number": 3,
      "product_type": "Item",
      "product_id": 7092002,
      "product_value": 125
    },
    {
      "id": 20340315,
      "custom_group_id": 203403,
      "slot_number": 3,
      "product_type": "Item",
      "product_id": 7091001,
      "product_value": 360
    },
    {
      "id": 20340316,
      "custom_group_id": 203403,
      "slot_number": 3,
      "product_type": "Item",
      "product_id": 7092001,
      "product_value": 180
    },
    {
      "id": 20340317,
      "custom_group_id": 203403,
      "slot_number": 4,
      "product_type": "Currency",
      "product_id": 5100,
      "product_value": 30
    },
    {
      "id": 20340318,
      "custom_group_id": 203403,
      "slot_number": 4,
      "product_type": "Item",
      "product_id": 9210002,
      "product_value": 1
    },
    {
      "id": 20360101,
      "custom_group_id": 203601,
      "slot_number": 1,
      "product_type": "Item",
      "product_id": 9301002,
      "product_value": 25
    },
    {
      "id": 20360102,
      "custom_group_id": 203601,
      "slot_number": 1,
      "product_type": "Item",
      "product_id": 9110001,
      "product_value": 150
    },
    {
      "id": 20360103,
      "custom_group_id": 203601,
      "slot_number": 1,
      "product_type": "Item",
      "product_id": 9120001,
      "product_value": 50
    },
    {
      "id": 20360104,
      "custom_group_id": 203601,
      "slot_number": 1,
      "product_type": "Item",
      "product_id": 9140001,
      "product_value": 50
    },
    {
      "id": 20360105,
      "custom_group_id": 203601,
      "slot_number": 2,
      "product_type": "Item",
      "product_id": 7091002,
      "product_value": 140
    },
    {
      "id": 20360106,
      "custom_group_id": 203601,
      "slot_number": 2,
      "product_type": "Item",
      "product_id": 7092002,
      "product_value": 70
    },
    {
      "id": 20360107,
      "custom_group_id": 203601,
      "slot_number": 2,
      "product_type": "Item",
      "product_id": 7091001,
      "product_value": 200
    },
    {
      "id": 20360108,
      "custom_group_id": 203601,
      "slot_number": 2,
      "product_type": "Item",
      "product_id": 7092001,
      "product_value": 100
    },
    {
      "id": 20360201,
      "custom_group_id": 203602,
      "slot_number": 1,
      "product_type": "Item",
      "product_id": 9402073,
      "product_value": 200
    },
    {
      "id": 20360202,
      "custom_group_id": 203602,
      "slot_number": 1,
      "product_type": "Item",
      "product_id": 9301002,
      "product_value": 50
    },
    {
      "id": 20360203,
      "custom_group_id": 203602,
      "slot_number": 1,
      "product_type": "Item",
      "product_id": 9110001,
      "product_value": 300
    },
    {
      "id": 20360204,
      "custom_group_id": 203602,
      "slot_number": 1,
      "product_type": "Item",
      "product_id": 9120001,
      "product_value": 100
    },
    {
      "id": 20360205,
      "custom_group_id": 203602,
      "slot_number": 1,
      "product_type": "Item",
      "product_id": 9140001,
      "product_value": 100
    },
    {
      "id": 20360206,
      "custom_group_id": 203602,
      "slot_number": 2,
      "product_type": "Item",
      "product_id": 7080001,
      "product_value": 2
    },
    {
      "id": 20360207,
      "custom_group_id": 203602,
      "slot_number": 2,
      "product_type": "Item",
      "product_id": 7091002,
      "product_value": 180
    },
    {
      "id": 20360208,
      "custom_group_id": 203602,
      "slot_number": 2,
      "product_type": "Item",
      "product_id": 7092002,
      "product_value": 90
    },
    {
      "id": 20360209,
      "custom_group_id": 203602,
      "slot_number": 2,
      "product_type": "Item",
      "product_id": 7091001,
      "product_value": 250
    },
    {
      "id": 20360210,
      "custom_group_id": 203602,
      "slot_number": 2,
      "product_type": "Item",
      "product_id": 7092001,
      "product_value": 125
    },
    {
      "id": 20360211,
      "custom_group_id": 203602,
      "slot_number": 3,
      "product_type": "Item",
      "product_id": 7091003,
      "product_value": 100
    },
    {
      "id": 20360212,
      "custom_group_id": 203602,
      "slot_number": 3,
      "product_type": "Item",
      "product_id": 7092003,
      "product_value": 50
    },
    {
      "id": 20360213,
      "custom_group_id": 203602,
      "slot_number": 3,
      "product_type": "Item",
      "product_id": 7091002,
      "product_value": 250
    },
    {
      "id": 20360214,
      "custom_group_id": 203602,
      "slot_number": 3,
      "product_type": "Item",
      "product_id": 7092002,
      "product_value": 125
    },
    {
      "id": 20360215,
      "custom_group_id": 203602,
      "slot_number": 3,
      "product_type": "Item",
      "product_id": 7091001,
      "product_value": 360
    },
    {
      "id": 20360216,
      "custom_group_id": 203602,
      "slot_number": 3,
      "product_type": "Item",
      "product_id": 7092001,
      "product_value": 180
    },
    {
      "id": 20360301,
      "custom_group_id": 203603,
      "slot_number": 1,
      "product_type": "Item",
      "product_id": 9402073,
      "product_value": 200
    },
    {
      "id": 20360302,
      "custom_group_id": 203603,
      "slot_number": 1,
      "product_type": "Item",
      "product_id": 9301002,
      "product_value": 50
    },
    {
      "id": 20360303,
      "custom_group_id": 203603,
      "slot_number": 1,
      "product_type": "Item",
      "product_id": 9110001,
      "product_value": 300
    },
    {
      "id": 20360304,
      "custom_group_id": 203603,
      "slot_number": 1,
      "product_type": "Item",
      "product_id": 9120001,
      "product_value": 100
    },
    {
      "id": 20360305,
      "custom_group_id": 203603,
      "slot_number": 1,
      "product_type": "Item",
      "product_id": 9140001,
      "product_value": 100
    },
    {
      "id": 20360306,
      "custom_group_id": 203603,
      "slot_number": 2,
      "product_type": "Item",
      "product_id": 7080001,
      "product_value": 3
    },
    {
      "id": 20360307,
      "custom_group_id": 203603,
      "slot_number": 2,
      "product_type": "Item",
      "product_id": 7091002,
      "product_value": 220
    },
    {
      "id": 20360308,
      "custom_group_id": 203603,
      "slot_number": 2,
      "product_type": "Item",
      "product_id": 7092002,
      "product_value": 110
    },
    {
      "id": 20360309,
      "custom_group_id": 203603,
      "slot_number": 2,
      "product_type": "Item",
      "product_id": 7091001,
      "product_value": 300
    },
    {
      "id": 20360310,
      "custom_group_id": 203603,
      "slot_number": 2,
      "product_type": "Item",
      "product_id": 7092001,
      "product_value": 150
    },
    {
      "id": 20360311,
      "custom_group_id": 203603,
      "slot_number": 3,
      "product_type": "Item",
      "product_id": 7091003,
      "product_value": 100
    },
    {
      "id": 20360312,
      "custom_group_id": 203603,
      "slot_number": 3,
      "product_type": "Item",
      "product_id": 7092003,
      "product_value": 50
    },
    {
      "id": 20360313,
      "custom_group_id": 203603,
      "slot_number": 3,
      "product_type": "Item",
      "product_id": 7091002,
      "product_value": 250
    },
    {
      "id": 20360314,
      "custom_group_id": 203603,
      "slot_number": 3,
      "product_type": "Item",
      "product_id": 7092002,
      "product_value": 125
    },
    {
      "id": 20360315,
      "custom_group_id": 203603,
      "slot_number": 3,
      "product_type": "Item",
      "product_id": 7091001,
      "product_value": 360
    },
    {
      "id": 20360316,
      "custom_group_id": 203603,
      "slot_number": 3,
      "product_type": "Item",
      "product_id": 7092001,
      "product_value": 180
    },
    {
      "id": 20360317,
      "custom_group_id": 203603,
      "slot_number": 4,
      "product_type": "Currency",
      "product_id": 5100,
      "product_value": 30
    },
    {
      "id": 20360318,
      "custom_group_id": 203603,
      "slot_number": 4,
      "product_type": "Item",
      "product_id": 9210002,
      "product_value": 1
    },
    {
      "id": 20720101,
      "custom_group_id": 207201,
      "slot_number": 1,
      "product_type": "Item",
      "product_id": 7091002,
      "product_value": 140
    },
    {
      "id": 20720102,
      "custom_group_id": 207201,
      "slot_number": 1,
      "product_type": "Item",
      "product_id": 7092002,
      "product_value": 70
    },
    {
      "id": 20720103,
      "custom_group_id": 207201,
      "slot_number": 1,
      "product_type": "Item",
      "product_id": 7091001,
      "product_value": 200
    },
    {
      "id": 20720104,
      "custom_group_id": 207201,
      "slot_number": 1,
      "product_type": "Item",
      "product_id": 7092001,
      "product_value": 100
    },
    {
      "id": 20720105,
      "custom_group_id": 207201,
      "slot_number": 1,
      "product_type": "Item",
      "product_id": 9140001,
      "product_value": 60
    },
    {
      "id": 20720106,
      "custom_group_id": 207201,
      "slot_number": 1,
      "product_type": "Item",
      "product_id": 9120001,
      "product_value": 60
    },
    {
      "id": 20720107,
      "custom_group_id": 207201,
      "slot_number": 1,
      "product_type": "Item",
      "product_id": 9110001,
      "product_value": 180
    },
    {
      "id": 20720108,
      "custom_group_id": 207201,
      "slot_number": 2,
      "product_type": "Item",
      "product_id": 7091002,
      "product_value": 140
    },
    {
      "id": 20720109,
      "custom_group_id": 207201,
      "slot_number": 2,
      "product_type": "Item",
      "product_id": 7092002,
      "product_value": 70
    },
    {
      "id": 20720110,
      "custom_group_id": 207201,
      "slot_number": 2,
      "product_type": "Item",
      "product_id": 7091001,
      "product_value": 200
    },
    {
      "id": 20720111,
      "custom_group_id": 207201,
      "slot_number": 2,
      "product_type": "Item",
      "product_id": 7092001,
      "product_value": 100
    },
    {
      "id": 20720112,
      "custom_group_id": 207201,
      "slot_number": 2,
      "product_type": "Item",
      "product_id": 9140001,
      "product_value": 60
    },
    {
      "id": 20720113,
      "custom_group_id": 207201,
      "slot_number": 2,
      "product_type": "Item",
      "product_id": 9120001,
      "product_value": 60
    },
    {
      "id": 20720114,
      "custom_group_id": 207201,
      "slot_number": 2,
      "product_type": "Item",
      "product_id": 9110001,
      "product_value": 180
    },
    {
      "id": 20720201,
      "custom_group_id": 207202,
      "slot_number": 1,
      "product_type": "Item",
      "product_id": 9402073,
      "product_value": 200
    },
    {
      "id": 20720202,
      "custom_group_id": 207202,
      "slot_number": 1,
      "product_type": "Item",
      "product_id": 7091001,
      "product_value": 300
    },
    {
      "id": 20720203,
      "custom_group_id": 207202,
      "slot_number": 1,
      "product_type": "Item",
      "product_id": 7092001,
      "product_value": 150
    },
    {
      "id": 20720204,
      "custom_group_id": 207202,
      "slot_number": 1,
      "product_type": "Item",
      "product_id": 9140001,
      "product_value": 100
    },
    {
      "id": 20720205,
      "custom_group_id": 207202,
      "slot_number": 1,
      "product_type": "Item",
      "product_id": 9120001,
      "product_value": 100
    },
    {
      "id": 20720206,
      "custom_group_id": 207202,
      "slot_number": 1,
      "product_type": "Item",
      "product_id": 9110001,
      "product_value": 300
    },
    {
      "id": 20720207,
      "custom_group_id": 207202,
      "slot_number": 2,
      "product_type": "Item",
      "product_id": 7080001,
      "product_value": 2
    },
    {
      "id": 20720208,
      "custom_group_id": 207202,
      "slot_number": 2,
      "product_type": "Item",
      "product_id": 7091003,
      "product_value": 80
    },
    {
      "id": 20720209,
      "custom_group_id": 207202,
      "slot_number": 2,
      "product_type": "Item",
      "product_id": 7092003,
      "product_value": 40
    },
    {
      "id": 20720210,
      "custom_group_id": 207202,
      "slot_number": 2,
      "product_type": "Item",
      "product_id": 7091002,
      "product_value": 200
    },
    {
      "id": 20720211,
      "custom_group_id": 207202,
      "slot_number": 2,
      "product_type": "Item",
      "product_id": 7092002,
      "product_value": 100
    },
    {
      "id": 20720212,
      "custom_group_id": 207202,
      "slot_number": 3,
      "product_type": "Item",
      "product_id": 7091003,
      "product_value": 100
    },
    {
      "id": 20720213,
      "custom_group_id": 207202,
      "slot_number": 3,
      "product_type": "Item",
      "product_id": 7092003,
      "product_value": 50
    },
    {
      "id": 20720214,
      "custom_group_id": 207202,
      "slot_number": 3,
      "product_type": "Item",
      "product_id": 7091002,
      "product_value": 250
    },
    {
      "id": 20720215,
      "custom_group_id": 207202,
      "slot_number": 3,
      "product_type": "Item",
      "product_id": 7092002,
      "product_value": 125
    },
    {
      "id": 20720216,
      "custom_group_id": 207202,
      "slot_number": 3,
      "product_type": "Item",
      "product_id": 7091001,
      "product_value": 360
    },
    {
      "id": 20720217,
      "custom_group_id": 207202,
      "slot_number": 3,
      "product_type": "Item",
      "product_id": 7092001,
      "product_value": 180
    },
    {
      "id": 20720301,
      "custom_group_id": 207203,
      "slot_number": 1,
      "product_type": "Item",
      "product_id": 9402073,
      "product_value": 200
    },
    {
      "id": 20720302,
      "custom_group_id": 207203,
      "slot_number": 1,
      "product_type": "Item",
      "product_id": 7091001,
      "product_value": 300
    },
    {
      "id": 20720303,
      "custom_group_id": 207203,
      "slot_number": 1,
      "product_type": "Item",
      "product_id": 7092001,
      "product_value": 150
    },
    {
      "id": 20720304,
      "custom_group_id": 207203,
      "slot_number": 1,
      "product_type": "Item",
      "product_id": 9140001,
      "product_value": 100
    },
    {
      "id": 20720305,
      "custom_group_id": 207203,
      "slot_number": 1,
      "product_type": "Item",
      "product_id": 9120001,
      "product_value": 100
    },
    {
      "id": 20720306,
      "custom_group_id": 207203,
      "slot_number": 1,
      "product_type": "Item",
      "product_id": 9110001,
      "product_value": 300
    },
    {
      "id": 20720307,
      "custom_group_id": 207203,
      "slot_number": 2,
      "product_type": "Item",
      "product_id": 7080001,
      "product_value": 3
    },
    {
      "id": 20720308,
      "custom_group_id": 207203,
      "slot_number": 2,
      "product_type": "Item",
      "product_id": 7091003,
      "product_value": 88
    },
    {
      "id": 20720309,
      "custom_group_id": 207203,
      "slot_number": 2,
      "product_type": "Item",
      "product_id": 7092003,
      "product_value": 44
    },
    {
      "id": 20720310,
      "custom_group_id": 207203,
      "slot_number": 2,
      "product_type": "Item",
      "product_id": 7091002,
      "product_value": 220
    },
    {
      "id": 20720311,
      "custom_group_id": 207203,
      "slot_number": 2,
      "product_type": "Item",
      "product_id": 7092002,
      "product_value": 110
    },
    {
      "id": 20720312,
      "custom_group_id": 207203,
      "slot_number": 3,
      "product_type": "Item",
      "product_id": 7091003,
      "product_value": 100
    },
    {
      "id": 20720313,
      "custom_group_id": 207203,
      "slot_number": 3,
      "product_type": "Item",
      "product_id": 7092003,
      "product_value": 50
    },
    {
      "id": 20720314,
      "custom_group_id": 207203,
      "slot_number": 3,
      "product_type": "Item",
      "product_id": 7091002,
      "product_value": 250
    },
    {
      "id": 20720315,
      "custom_group_id": 207203,
      "slot_number": 3,
      "product_type": "Item",
      "product_id": 7092002,
      "product_value": 125
    },
    {
      "id": 20720316,
      "custom_group_id": 207203,
      "slot_number": 3,
      "product_type": "Item",
      "product_id": 7091001,
      "product_value": 360
    },
    {
      "id": 20720317,
      "custom_group_id": 207203,
      "slot_number": 3,
      "product_type": "Item",
      "product_id": 7092001,
      "product_value": 180
    },
    {
      "id": 20720318,
      "custom_group_id": 207203,
      "slot_number": 4,
      "product_type": "Currency",
      "product_id": 5100,
      "product_value": 30
    },
    {
      "id": 20720319,
      "custom_group_id": 207203,
      "slot_number": 4,
      "product_type": "Item",
      "product_id": 9210002,
      "product_value": 1
    },
    {
      "id": 20960101,
      "custom_group_id": 209601,
      "slot_number": 1,
      "product_type": "Item",
      "product_id": 7091002,
      "product_value": 180
    },
    {
      "id": 20960102,
      "custom_group_id": 209601,
      "slot_number": 1,
      "product_type": "Item",
      "product_id": 7092002,
      "product_value": 90
    },
    {
      "id": 20960103,
      "custom_group_id": 209601,
      "slot_number": 1,
      "product_type": "Item",
      "product_id": 7091001,
      "product_value": 240
    },
    {
      "id": 20960104,
      "custom_group_id": 209601,
      "slot_number": 1,
      "product_type": "Item",
      "product_id": 7092001,
      "product_value": 120
    },
    {
      "id": 20960105,
      "custom_group_id": 209601,
      "slot_number": 1,
      "product_type": "Item",
      "product_id": 9140001,
      "product_value": 80
    },
    {
      "id": 20960106,
      "custom_group_id": 209601,
      "slot_number": 1,
      "product_type": "Item",
      "product_id": 9120001,
      "product_value": 80
    },
    {
      "id": 20960107,
      "custom_group_id": 209601,
      "slot_number": 1,
      "product_type": "Item",
      "product_id": 9110001,
      "product_value": 240
    },
    {
      "id": 20960108,
      "custom_group_id": 209601,
      "slot_number": 2,
      "product_type": "Item",
      "product_id": 7091002,
      "product_value": 180
    },
    {
      "id": 20960109,
      "custom_group_id": 209601,
      "slot_number": 2,
      "product_type": "Item",
      "product_id": 7092002,
      "product_value": 90
    },
    {
      "id": 20960110,
      "custom_group_id": 209601,
      "slot_number": 2,
      "product_type": "Item",
      "product_id": 7091001,
      "product_value": 240
    },
    {
      "id": 20960111,
      "custom_group_id": 209601,
      "slot_number": 2,
      "product_type": "Item",
      "product_id": 7092001,
      "product_value": 120
    },
    {
      "id": 20960112,
      "custom_group_id": 209601,
      "slot_number": 2,
      "product_type": "Item",
      "product_id": 9140001,
      "product_value": 80
    },
    {
      "id": 20960113,
      "custom_group_id": 209601,
      "slot_number": 2,
      "product_type": "Item",
      "product_id": 9120001,
      "product_value": 80
    },
    {
      "id": 20960114,
      "custom_group_id": 209601,
      "slot_number": 2,
      "product_type": "Item",
      "product_id": 9110001,
      "product_value": 240
    },
    {
      "id": 20960201,
      "custom_group_id": 209602,
      "slot_number": 1,
      "product_type": "Item",
      "product_id": 7091003,
      "product_value": 90
    },
    {
      "id": 20960202,
      "custom_group_id": 209602,
      "slot_number": 1,
      "product_type": "Item",
      "product_id": 7092003,
      "product_value": 45
    },
    {
      "id": 20960203,
      "custom_group_id": 209602,
      "slot_number": 1,
      "product_type": "Item",
      "product_id": 7091002,
      "product_value": 220
    },
    {
      "id": 20960204,
      "custom_group_id": 209602,
      "slot_number": 1,
      "product_type": "Item",
      "product_id": 7092002,
      "product_value": 110
    },
    {
      "id": 20960205,
      "custom_group_id": 209602,
      "slot_number": 1,
      "product_type": "Item",
      "product_id": 9140001,
      "product_value": 100
    },
    {
      "id": 20960206,
      "custom_group_id": 209602,
      "slot_number": 1,
      "product_type": "Item",
      "product_id": 9120001,
      "product_value": 100
    },
    {
      "id": 20960207,
      "custom_group_id": 209602,
      "slot_number": 1,
      "product_type": "Item",
      "product_id": 9110001,
      "product_value": 300
    },
    {
      "id": 20960208,
      "custom_group_id": 209602,
      "slot_number": 2,
      "product_type": "Item",
      "product_id": 7091003,
      "product_value": 90
    },
    {
      "id": 20960209,
      "custom_group_id": 209602,
      "slot_number": 2,
      "product_type": "Item",
      "product_id": 7092003,
      "product_value": 45
    },
    {
      "id": 20960210,
      "custom_group_id": 209602,
      "slot_number": 2,
      "product_type": "Item",
      "product_id": 7091002,
      "product_value": 220
    },
    {
      "id": 20960211,
      "custom_group_id": 209602,
      "slot_number": 2,
      "product_type": "Item",
      "product_id": 7092002,
      "product_value": 110
    },
    {
      "id": 20960212,
      "custom_group_id": 209602,
      "slot_number": 2,
      "product_type": "Item",
      "product_id": 9140001,
      "product_value": 100
    },
    {
      "id": 20960213,
      "custom_group_id": 209602,
      "slot_number": 2,
      "product_type": "Item",
      "product_id": 9120001,
      "product_value": 100
    },
    {
      "id": 20960214,
      "custom_group_id": 209602,
      "slot_number": 2,
      "product_type": "Item",
      "product_id": 9110001,
      "product_value": 300
    },
    {
      "id": 20960215,
      "custom_group_id": 209602,
      "slot_number": 3,
      "product_type": "Item",
      "product_id": 9210002,
      "product_value": 1
    },
    {
      "id": 20960216,
      "custom_group_id": 209602,
      "slot_number": 3,
      "product_type": "Item",
      "product_id": 7080001,
      "product_value": 5
    },
    {
      "id": 20960301,
      "custom_group_id": 209603,
      "slot_number": 1,
      "product_type": "Item",
      "product_id": 7080001,
      "product_value": 4
    },
    {
      "id": 20960302,
      "custom_group_id": 209603,
      "slot_number": 1,
      "product_type": "Item",
      "product_id": 9140001,
      "product_value": 100
    },
    {
      "id": 20960303,
      "custom_group_id": 209603,
      "slot_number": 1,
      "product_type": "Item",
      "product_id": 9120001,
      "product_value": 100
    },
    {
      "id": 20960304,
      "custom_group_id": 209603,
      "slot_number": 1,
      "product_type": "Item",
      "product_id": 9110001,
      "product_value": 300
    },
    {
      "id": 20960305,
      "custom_group_id": 209603,
      "slot_number": 2,
      "product_type": "Item",
      "product_id": 7091003,
      "product_value": 100
    },
    {
      "id": 20960306,
      "custom_group_id": 209603,
      "slot_number": 2,
      "product_type": "Item",
      "product_id": 7092003,
      "product_value": 50
    },
    {
      "id": 20960307,
      "custom_group_id": 209603,
      "slot_number": 2,
      "product_type": "Item",
      "product_id": 7091002,
      "product_value": 250
    },
    {
      "id": 20960308,
      "custom_group_id": 209603,
      "slot_number": 2,
      "product_type": "Item",
      "product_id": 7092002,
      "product_value": 125
    },
    {
      "id": 20960309,
      "custom_group_id": 209603,
      "slot_number": 2,
      "product_type": "Item",
      "product_id": 7091001,
      "product_value": 360
    },
    {
      "id": 20960310,
      "custom_group_id": 209603,
      "slot_number": 2,
      "product_type": "Item",
      "product_id": 7092001,
      "product_value": 180
    },
    {
      "id": 20960311,
      "custom_group_id": 209603,
      "slot_number": 3,
      "product_type": "Item",
      "product_id": 7091003,
      "product_value": 100
    },
    {
      "id": 20960312,
      "custom_group_id": 209603,
      "slot_number": 3,
      "product_type": "Item",
      "product_id": 7092003,
      "product_value": 50
    },
    {
      "id": 20960313,
      "custom_group_id": 209603,
      "slot_number": 3,
      "product_type": "Item",
      "product_id": 7091002,
      "product_value": 250
    },
    {
      "id": 20960314,
      "custom_group_id": 209603,
      "slot_number": 3,
      "product_type": "Item",
      "product_id": 7092002,
      "product_value": 125
    },
    {
      "id": 20960315,
      "custom_group_id": 209603,
      "slot_number": 3,
      "product_type": "Item",
      "product_id": 7091001,
      "product_value": 360
    },
    {
      "id": 20960316,
      "custom_group_id": 209603,
      "slot_number": 3,
      "product_type": "Item",
      "product_id": 7092001,
      "product_value": 180
    },
    {
      "id": 20960317,
      "custom_group_id": 209603,
      "slot_number": 4,
      "product_type": "Item",
      "product_id": 9210003,
      "product_value": 1
    },
    {
      "id": 20960318,
      "custom_group_id": 209603,
      "slot_number": 4,
      "product_type": "Currency",
      "product_id": 5100,
      "product_value": 30
    },
    {
      "id": 21320101,
      "custom_group_id": 213201,
      "slot_number": 1,
      "product_type": "Item",
      "product_id": 7091001,
      "product_value": 120
    },
    {
      "id": 21320102,
      "custom_group_id": 213201,
      "slot_number": 1,
      "product_type": "Item",
      "product_id": 7092001,
      "product_value": 90
    },
    {
      "id": 21320103,
      "custom_group_id": 213201,
      "slot_number": 1,
      "product_type": "Item",
      "product_id": 9140001,
      "product_value": 40
    },
    {
      "id": 21320104,
      "custom_group_id": 213201,
      "slot_number": 1,
      "product_type": "Item",
      "product_id": 9120001,
      "product_value": 40
    },
    {
      "id": 21320105,
      "custom_group_id": 213201,
      "slot_number": 1,
      "product_type": "Item",
      "product_id": 9110001,
      "product_value": 120
    },
    {
      "id": 21320106,
      "custom_group_id": 213201,
      "slot_number": 2,
      "product_type": "Item",
      "product_id": 7150001,
      "product_value": 50
    },
    {
      "id": 21320107,
      "custom_group_id": 213201,
      "slot_number": 2,
      "product_type": "Item",
      "product_id": 7091002,
      "product_value": 90
    },
    {
      "id": 21320108,
      "custom_group_id": 213201,
      "slot_number": 2,
      "product_type": "Item",
      "product_id": 7092002,
      "product_value": 45
    },
    {
      "id": 21320109,
      "custom_group_id": 213201,
      "slot_number": 2,
      "product_type": "Item",
      "product_id": 9140001,
      "product_value": 40
    },
    {
      "id": 21320110,
      "custom_group_id": 213201,
      "slot_number": 2,
      "product_type": "Item",
      "product_id": 9120001,
      "product_value": 40
    },
    {
      "id": 21320111,
      "custom_group_id": 213201,
      "slot_number": 2,
      "product_type": "Item",
      "product_id": 9110001,
      "product_value": 120
    },
    {
      "id": 21320112,
      "custom_group_id": 213201,
      "slot_number": 3,
      "product_type": "Item",
      "product_id": 7091002,
      "product_value": 180
    },
    {
      "id": 21320113,
      "custom_group_id": 213201,
      "slot_number": 3,
      "product_type": "Item",
      "product_id": 7092002,
      "product_value": 90
    },
    {
      "id": 21320114,
      "custom_group_id": 213201,
      "slot_number": 3,
      "product_type": "Item",
      "product_id": 7091001,
      "product_value": 240
    },
    {
      "id": 21320115,
      "custom_group_id": 213201,
      "slot_number": 3,
      "product_type": "Item",
      "product_id": 7092001,
      "product_value": 120
    },
    {
      "id": 21320116,
      "custom_group_id": 213201,
      "slot_number": 3,
      "product_type": "Item",
      "product_id": 9140001,
      "product_value": 80
    },
    {
      "id": 21320117,
      "custom_group_id": 213201,
      "slot_number": 3,
      "product_type": "Item",
      "product_id": 9120001,
      "product_value": 80
    },
    {
      "id": 21320118,
      "custom_group_id": 213201,
      "slot_number": 3,
      "product_type": "Item",
      "product_id": 9110001,
      "product_value": 240
    },
    {
      "id": 21320201,
      "custom_group_id": 213202,
      "slot_number": 1,
      "product_type": "Item",
      "product_id": 7150002,
      "product_value": 15
    },
    {
      "id": 21320202,
      "custom_group_id": 213202,
      "slot_number": 1,
      "product_type": "Item",
      "product_id": 7091002,
      "product_value": 110
    },
    {
      "id": 21320203,
      "custom_group_id": 213202,
      "slot_number": 1,
      "product_type": "Item",
      "product_id": 7092002,
      "product_value": 55
    },
    {
      "id": 21320204,
      "custom_group_id": 213202,
      "slot_number": 1,
      "product_type": "Item",
      "product_id": 9140001,
      "product_value": 50
    },
    {
      "id": 21320205,
      "custom_group_id": 213202,
      "slot_number": 1,
      "product_type": "Item",
      "product_id": 9120001,
      "product_value": 50
    },
    {
      "id": 21320206,
      "custom_group_id": 213202,
      "slot_number": 1,
      "product_type": "Item",
      "product_id": 9110001,
      "product_value": 150
    },
    {
      "id": 21320207,
      "custom_group_id": 213202,
      "slot_number": 2,
      "product_type": "Item",
      "product_id": 7150003,
      "product_value": 10
    },
    {
      "id": 21320208,
      "custom_group_id": 213202,
      "slot_number": 2,
      "product_type": "Item",
      "product_id": 7091003,
      "product_value": 45
    },
    {
      "id": 21320209,
      "custom_group_id": 213202,
      "slot_number": 2,
      "product_type": "Item",
      "product_id": 7092003,
      "product_value": 25
    },
    {
      "id": 21320210,
      "custom_group_id": 213202,
      "slot_number": 2,
      "product_type": "Item",
      "product_id": 9140001,
      "product_value": 50
    },
    {
      "id": 21320211,
      "custom_group_id": 213202,
      "slot_number": 2,
      "product_type": "Item",
      "product_id": 9120001,
      "product_value": 50
    },
    {
      "id": 21320212,
      "custom_group_id": 213202,
      "slot_number": 2,
      "product_type": "Item",
      "product_id": 9110001,
      "product_value": 150
    },
    {
      "id": 21320213,
      "custom_group_id": 213202,
      "slot_number": 3,
      "product_type": "Item",
      "product_id": 7091003,
      "product_value": 90
    },
    {
      "id": 21320214,
      "custom_group_id": 213202,
      "slot_number": 3,
      "product_type": "Item",
      "product_id": 7092003,
      "product_value": 45
    },
    {
      "id": 21320215,
      "custom_group_id": 213202,
      "slot_number": 3,
      "product_type": "Item",
      "product_id": 7091002,
      "product_value": 220
    },
    {
      "id": 21320216,
      "custom_group_id": 213202,
      "slot_number": 3,
      "product_type": "Item",
      "product_id": 7092002,
      "product_value": 110
    },
    {
      "id": 21320217,
      "custom_group_id": 213202,
      "slot_number": 3,
      "product_type": "Item",
      "product_id": 9140001,
      "product_value": 100
    },
    {
      "id": 21320218,
      "custom_group_id": 213202,
      "slot_number": 3,
      "product_type": "Item",
      "product_id": 9120001,
      "product_value": 100
    },
    {
      "id": 21320219,
      "custom_group_id": 213202,
      "slot_number": 3,
      "product_type": "Item",
      "product_id": 9110001,
      "product_value": 300
    },
    {
      "id": 21320220,
      "custom_group_id": 213202,
      "slot_number": 4,
      "product_type": "Item",
      "product_id": 9210002,
      "product_value": 1
    },
    {
      "id": 21320221,
      "custom_group_id": 213202,
      "slot_number": 4,
      "product_type": "Item",
      "product_id": 7080001,
      "product_value": 5
    },
    {
      "id": 21320301,
      "custom_group_id": 213203,
      "slot_number": 1,
      "product_type": "Item",
      "product_id": 7080001,
      "product_value": 4
    },
    {
      "id": 21320302,
      "custom_group_id": 213203,
      "slot_number": 1,
      "product_type": "Item",
      "product_id": 7150002,
      "product_value": 25
    },
    {
      "id": 21320303,
      "custom_group_id": 213203,
      "slot_number": 1,
      "product_type": "Item",
      "product_id": 7091002,
      "product_value": 250
    },
    {
      "id": 21320304,
      "custom_group_id": 213203,
      "slot_number": 1,
      "product_type": "Item",
      "product_id": 7092002,
      "product_value": 125
    },
    {
      "id": 21320305,
      "custom_group_id": 213203,
      "slot_number": 2,
      "product_type": "Item",
      "product_id": 7080001,
      "product_value": 4
    },
    {
      "id": 21320306,
      "custom_group_id": 213203,
      "slot_number": 2,
      "product_type": "Item",
      "product_id": 7150003,
      "product_value": 20
    },
    {
      "id": 21320307,
      "custom_group_id": 213203,
      "slot_number": 2,
      "product_type": "Item",
      "product_id": 7091003,
      "product_value": 100
    },
    {
      "id": 21320308,
      "custom_group_id": 213203,
      "slot_number": 2,
      "product_type": "Item",
      "product_id": 7092003,
      "product_value": 50
    },
    {
      "id": 21320309,
      "custom_group_id": 213203,
      "slot_number": 3,
      "product_type": "Item",
      "product_id": 7091003,
      "product_value": 100
    },
    {
      "id": 21320310,
      "custom_group_id": 213203,
      "slot_number": 3,
      "product_type": "Item",
      "product_id": 7092003,
      "product_value": 50
    },
    {
      "id": 21320311,
      "custom_group_id": 213203,
      "slot_number": 3,
      "product_type": "Item",
      "product_id": 7091002,
      "product_value": 250
    },
    {
      "id": 21320312,
      "custom_group_id": 213203,
      "slot_number": 3,
      "product_type": "Item",
      "product_id": 7092002,
      "product_value": 125
    },
    {
      "id": 21320313,
      "custom_group_id": 213203,
      "slot_number": 3,
      "product_type": "Item",
      "product_id": 7091001,
      "product_value": 360
    },
    {
      "id": 21320314,
      "custom_group_id": 213203,
      "slot_number": 3,
      "product_type": "Item",
      "product_id": 7092001,
      "product_value": 180
    },
    {
      "id": 21320315,
      "custom_group_id": 213203,
      "slot_number": 4,
      "product_type": "Item",
      "product_id": 9210003,
      "product_value": 1
    },
    {
      "id": 21320316,
      "custom_group_id": 213203,
      "slot_number": 4,
      "product_type": "Currency",
      "product_id": 5100,
      "product_value": 30
    }
  ]
}