{
  "version": "0.0.1",
  "records": [
    {
      "id": 100101,
      "name_localkey": "Locale_Item:favoriteitem_collection_ar_00",
      "description_localkey": "Locale_Item:favoriteitem_collection_ar_00_desc",
      "icon_resource_id": "si_favoriteitem_ar_00",
      "img_resource_id": "favoriteitem_ar_00",
      "prop_resource_id": "favoriteitem_common_prop_00",
      "order": 1,
      "favorite_rare": "R",
      "favorite_type": "Collection",
      "weapon_type": "AR",
      "name_code": 0,
      "max_level": 15,
      "level_enhance_id": 100101,
      "probability_group": 100,
      "collection_skill_group_data": [
        {
          "collection_skill_id": 711101
        },
        {
          "collection_skill_id": 0
        }
      ],
      "favoriteitem_skill_group_data": [
        {
          "favorite_skill_id": 0,
          "skill_table": "None",
          "skill_change_slot": 0
        },
        {
          "favorite_skill_id": 0,
          "skill_table": "None",
          "skill_change_slot": 0
        },
        {
          "favorite_skill_id": 0,
          "skill_table": "None",
          "skill_change_slot": 0
        }
      ],
      "albumcategory_id": 0
    },
    {
      "id": 100102,
      "name_localkey": "Locale_Item:favoriteitem_collection_ar_01",
      "description_localkey": "Locale_Item:favoriteitem_collection_ar_01_desc",
      "icon_resource_id": "si_favoriteitem_ar_00",
      "img_resource_id": "favoriteitem_ar_00",
      "prop_resource_id": "favoriteitem_common_prop_01",
      "order": 2,
      "favorite_rare": "SR",
      "favorite_type": "Collection",
      "weapon_type": "AR",
      "name_code": 0,
      "max_level": 15,
      "level_enhance_id": 100102,
      "probability_group": 200,
      "collection_skill_group_data": [
        {
          "collection_skill_id": 712101
        },
        {
          "collection_skill_id": 712002
        }
      ],
      "favoriteitem_skill_group_data": [
        {
          "favorite_skill_id": 0,
          "skill_table": "None",
          "skill_change_slot": 0
        },
        {
          "favorite_skill_id": 0,
          "skill_table": "None",
          "skill_change_slot": 0
        },
        {
          "favorite_skill_id": 0,
          "skill_table": "None",
          "skill_change_slot": 0
        }
      ],
      "albumcategory_id": 0
    },
    {
      "id": 100201,
      "name_localkey": "Locale_Item:favoriteitem_collection_mg_00",
      "description_localkey": "Locale_Item:favoriteitem_collection_mg_00_desc",
      "icon_resource_id": "si_favoriteitem_mg_00",
      "img_resource_id": "favoriteitem_mg_00",
      "prop_resource_id": "favoriteitem_common_prop_00",
      "order": 3,
      "favorite_rare": "R",
      "favorite_type": "Collection",
      "weapon_type": "MG",
      "name_code": 0,
      "max_level": 15,
      "level_enhance_id": 100201,
      "probability_group": 100,
      "collection_skill_group_data": [
        {
          "collection_skill_id": 711401
        },
        {
          "collection_skill_id": 0
        }
      ],
      "favoriteitem_skill_group_data": [
        {
          "favorite_skill_id": 0,
          "skill_table": "None",
          "skill_change_slot": 0
        },
        {
          "favorite_skill_id": 0,
          "skill_table": "None",
          "skill_change_slot": 0
        },
        {
          "favorite_skill_id": 0,
          "skill_table": "None",
          "skill_change_slot": 0
        }
      ],
      "albumcategory_id": 0
    },
    {
      "id": 100202,
      "name_localkey": "Locale_Item:favoriteitem_collection_mg_01",
      "description_localkey": "Locale_Item:favoriteitem_collection_mg_01_desc",
      "icon_resource_id": "si_favoriteitem_mg_00",
      "img_resource_id": "favoriteitem_mg_00",
      "prop_resource_id": "favoriteitem_common_prop_01",
      "order": 4,
      "favorite_rare": "SR",
      "favorite_type": "Collection",
      "weapon_type": "MG",
      "name_code": 0,
      "max_level": 15,
      "level_enhance_id": 100202,
      "probability_group": 200,
      "collection_skill_group_data": [
        {
          "collection_skill_id": 712401
        },
        {
          "collection_skill_id": 712002
        }
      ],
      "favoriteitem_skill_group_data": [
        {
          "favorite_skill_id": 0,
          "skill_table": "None",
          "skill_change_slot": 0
        },
        {
          "favorite_skill_id": 0,
          "skill_table": "None",
          "skill_change_slot": 0
        },
        {
          "favorite_skill_id": 0,
          "skill_table": "None",
          "skill_change_slot": 0
        }
      ],
      "albumcategory_id": 0
    },
    {
      "id": 100301,
      "name_localkey": "Locale_Item:favoriteitem_collection_rl_00",
      "description_localkey": "Locale_Item:favoriteitem_collection_rl_00_desc",
      "icon_resource_id": "si_favoriteitem_rl_00",
      "img_resource_id": "favoriteitem_rl_00",
      "prop_resource_id": "favoriteitem_common_prop_00",
      "order": 5,
      "favorite_rare": "R",
      "favorite_type": "Collection",
      "weapon_type": "RL",
      "name_code": 0,
      "max_level": 15,
      "level_enhance_id": 100301,
      "probability_group": 100,
      "collection_skill_group_data": [
        {
          "collection_skill_id": 711301
        },
        {
          "collection_skill_id": 0
        }
      ],
      "favoriteitem_skill_group_data": [
        {
          "favorite_skill_id": 0,
          "skill_table": "None",
          "skill_change_slot": 0
        },
        {
          "favorite_skill_id": 0,
          "skill_table": "None",
          "skill_change_slot": 0
        },
        {
          "favorite_skill_id": 0,
          "skill_table": "None",
          "skill_change_slot": 0
        }
      ],
      "albumcategory_id": 0
    },
    {
      "id": 100302,
      "name_localkey": "Locale_Item:favoriteitem_collection_rl_01",
      "description_localkey": "Locale_Item:favoriteitem_collection_rl_01_desc",
      "icon_resource_id": "si_favoriteitem_rl_00",
      "img_resource_id": "favoriteitem_rl_00",
      "prop_resource_id": "favoriteitem_common_prop_01",
      "order": 6,
      "favorite_rare": "SR",
      "favorite_type": "Collection",
      "weapon_type": "RL",
      "name_code": 0,
      "max_level": 15,
      "level_enhance_id": 100302,
      "probability_group": 200,
      "collection_skill_group_data": [
        {
          "collection_skill_id": 712301
        },
        {
          "collection_skill_id": 712002
        }
      ],
      "favoriteitem_skill_group_data": [
        {
          "favorite_skill_id": 0,
          "skill_table": "None",
          "skill_change_slot": 0
        },
        {
          "favorite_skill_id": 0,
          "skill_table": "None",
          "skill_change_slot": 0
        },
        {
          "favorite_skill_id": 0,
          "skill_table": "None",
          "skill_change_slot": 0
        }
      ],
      "albumcategory_id": 0
    },
    {
      "id": 100401,
      "name_localkey": "Locale_Item:favoriteitem_collection_sg_00",
      "description_localkey": "Locale_Item:favoriteitem_collection_sg_00_desc",
      "icon_resource_id": "si_favoriteitem_sg_00",
      "img_resource_id": "favoriteitem_sg_00",
      "prop_resource_id": "favoriteitem_common_prop_00",
      "order": 7,
      "favorite_rare": "R",
      "favorite_type": "Collection",
      "weapon_type": "SG",
      "name_code": 0,
      "max_level": 15,
      "level_enhance_id": 100401,
      "probability_group": 100,
      "collection_skill_group_data": [
        {
          "collection_skill_id": 711501
        },
        {
          "collection_skill_id": 0
        }
      ],
      "favoriteitem_skill_group_data": [
        {
          "favorite_skill_id": 0,
          "skill_table": "None",
          "skill_change_slot": 0
        },
        {
          "favorite_skill_id": 0,
          "skill_table": "None",
          "skill_change_slot": 0
        },
        {
          "favorite_skill_id": 0,
          "skill_table": "None",
          "skill_change_slot": 0
        }
      ],
      "albumcategory_id": 0
    },
    {
      "id": 100402,
      "name_localkey": "Locale_Item:favoriteitem_collection_sg_01",
      "description_localkey": "Locale_Item:favoriteitem_collection_sg_01_desc",
      "icon_resource_id": "si_favoriteitem_sg_00",
      "img_resource_id": "favoriteitem_sg_00",
      "prop_resource_id": "favoriteitem_common_prop_01",
      "order": 8,
      "favorite_rare": "SR",
      "favorite_type": "Collection",
      "weapon_type": "SG",
      "name_code": 0,
      "max_level": 15,
      "level_enhance_id": 100402,
      "probability_group": 200,
      "collection_skill_group_data": [
        {
          "collection_skill_id": 712501
        },
        {
          "collection_skill_id": 712002
        }
      ],
      "favoriteitem_skill_group_data": [
        {
          "favorite_skill_id": 0,
          "skill_table": "None",
          "skill_change_slot": 0
        },
        {
          "favorite_skill_id": 0,
          "skill_table": "None",
          "skill_change_slot": 0
        },
        {
          "favorite_skill_id": 0,
          "skill_table": "None",
          "skill_change_slot": 0
        }
      ],
      "albumcategory_id": 0
    },
    {
      "id": 100501,
      "name_localkey": "Locale_Item:favoriteitem_collection_smg_00",
      "description_localkey": "Locale_Item:favoriteitem_collection_smg_00_desc",
      "icon_resource_id": "si_favoriteitem_smg_00",
      "img_resource_id": "favoriteitem_smg_00",
      "prop_resource_id": "favoriteitem_common_prop_00",
      "order": 9,
      "favorite_rare": "R",
      "favorite_type": "Collection",
      "weapon_type": "SMG",
      "name_code": 0,
      "max_level": 15,
      "level_enhance_id": 100501,
      "probability_group": 100,
      "collection_skill_group_data": [
        {
          "collection_skill_id": 711901
        },
        {
          "collection_skill_id": 0
        }
      ],
      "favoriteitem_skill_group_data": [
        {
          "favorite_skill_id": 0,
          "skill_table": "None",
          "skill_change_slot": 0
        },
        {
          "favorite_skill_id": 0,
          "skill_table": "None",
          "skill_change_slot": 0
        },
        {
          "favorite_skill_id": 0,
          "skill_table": "None",
          "skill_change_slot": 0
        }
      ],
      "albumcategory_id": 0
    },
    {
      "id": 100502,
      "name_localkey": "Locale_Item:favoriteitem_collection_smg_01",
      "description_localkey": "Locale_Item:favoriteitem_collection_smg_01_desc",
      "icon_resource_id": "si_favoriteitem_smg_00",
      "img_resource_id": "favoriteitem_smg_00",
      "prop_resource_id": "favoriteitem_common_prop_01",
      "order": 10,
      "favorite_rare": "SR",
      "favorite_type": "Collection",
      "weapon_type": "SMG",
      "name_code": 0,
      "max_level": 15,
      "level_enhance_id": 100502,
      "probability_group": 200,
      "collection_skill_group_data": [
        {
          "collection_skill_id": 712901
        },
        {
          "collection_skill_id": 712002
        }
      ],
      "favoriteitem_skill_group_data": [
        {
          "favorite_skill_id": 0,
          "skill_table": "None",
          "skill_change_slot": 0
        },
        {
          "favorite_skill_id": 0,
          "skill_table": "None",
          "skill_change_slot": 0
        },
        {
          "favorite_skill_id": 0,
          "skill_table": "None",
          "skill_change_slot": 0
        }
      ],
      "albumcategory_id": 0
    },
    {
      "id": 100601,
      "name_localkey": "Locale_Item:favoriteitem_collection_sr_00",
      "description_localkey": "Locale_Item:favoriteitem_collection_sr_00_desc",
      "icon_resource_id": "si_favoriteitem_sr_00",
      "img_resource_id": "favoriteitem_sr_00",
      "prop_resource_id": "favoriteitem_common_prop_00",
      "order": 11,
      "favorite_rare": "R",
      "favorite_type": "Collection",
      "weapon_type": "SR",
      "name_code": 0,
      "max_level": 15,
      "level_enhance_id": 100601,
      "probability_group": 100,
      "collection_skill_group_data": [
        {
          "collection_skill_id": 711301
        },
        {
          "collection_skill_id": 0
        }
      ],
      "favoriteitem_skill_group_data": [
        {
          "favorite_skill_id": 0,
          "skill_table": "None",
          "skill_change_slot": 0
        },
        {
          "favorite_skill_id": 0,
          "skill_table": "None",
          "skill_change_slot": 0
        },
        {
          "favorite_skill_id": 0,
          "skill_table": "None",
          "skill_change_slot": 0
        }
      ],
      "albumcategory_id": 0
    },
    {
      "id": 100602,
      "name_localkey": "Locale_Item:favoriteitem_collection_sr_01",
      "description_localkey": "Locale_Item:favoriteitem_collection_sr_01_desc",
      "icon_resource_id": "si_favoriteitem_sr_00",
      "img_resource_id": "favoriteitem_sr_00",
      "prop_resource_id": "favoriteitem_common_prop_01",
      "order": 12,
      "favorite_rare": "SR",
      "favorite_type": "Collection",
      "weapon_type": "SR",
      "name_code": 0,
      "max_level": 15,
      "level_enhance_id": 100602,
      "probability_group": 200,
      "collection_skill_group_data": [
        {
          "collection_skill_id": 712301
        },
        {
          "collection_skill_id": 712002
        }
      ],
      "favoriteitem_skill_group_data": [
        {
          "favorite_skill_id": 0,
          "skill_table": "None",
          "skill_change_slot": 0
        },
        {
          "favorite_skill_id": 0,
          "skill_table": "None",
          "skill_change_slot": 0
        },
        {
          "favorite_skill_id": 0,
          "skill_table": "None",
          "skill_change_slot": 0
        }
      ],
      "albumcategory_id": 0
    },
    {
      "id": 200101,
      "name_localkey": "Locale_Item:favoriteitem_favorite_c072_00",
      "description_localkey": "Locale_Item:favoriteitem_favorite_c072_00_desc",
      "icon_resource_id": "si_favoriteitem_c072_00",
      "img_resource_id": "favoriteitem_c072_00",
      "prop_resource_id": "favoriteitem_common_prop_02",
      "order": 101,
      "favorite_rare": "SSR",
      "favorite_type": "Favorite",
      "weapon_type": "MG",
      "name_code": 5020,
      "max_level": 2,
      "level_enhance_id": 200101,
      "probability_group": 5020,
      "collection_skill_group_data": [
        {
          "collection_skill_id": 712401
        },
        {
          "collection_skill_id": 712002
        }
      ],
      "favoriteitem_skill_group_data": [
        {
          "favorite_skill_id": 2072251,
          "skill_table": "StateEffect",
          "skill_change_slot": 2
        },
        {
          "favorite_skill_id": 1072351,
          "skill_table": "CharacterSkill",
          "skill_change_slot": 3
        },
        {
          "favorite_skill_id": 2072151,
          "skill_table": "StateEffect",
          "skill_change_slot": 1
        }
      ],
      "albumcategory_id": 50001
    },
    {
      "id": 200201,
      "name_localkey": "Locale_Item:favoriteitem_favorite_c210_00",
      "description_localkey": "Locale_Item:favoriteitem_favorite_c210_00_desc",
      "icon_resource_id": "si_favoriteitem_c210_00",
      "img_resource_id": "favoriteitem_c210_00",
      "prop_resource_id": "favoriteitem_common_prop_02",
      "order": 102,
      "favorite_rare": "SSR",
      "favorite_type": "Favorite",
      "weapon_type": "SR",
      "name_code": 5003,
      "max_level": 2,
      "level_enhance_id": 200201,
      "probability_group": 5003,
      "collection_skill_group_data": [
        {
          "collection_skill_id": 712301
        },
        {
          "collection_skill_id": 712002
        }
      ],
      "favoriteitem_skill_group_data": [
        {
          "favorite_skill_id": 2210251,
          "skill_table": "StateEffect",
          "skill_change_slot": 2
        },
        {
          "favorite_skill_id": 1210351,
          "skill_table": "CharacterSkill",
          "skill_change_slot": 3
        },
        {
          "favorite_skill_id": 2210151,
          "skill_table": "StateEffect",
          "skill_change_slot": 1
        }
      ],
      "albumcategory_id": 50002
    },
    {
      "id": 200301,
      "name_localkey": "Locale_Item:favoriteitem_favorite_c142_00",
      "description_localkey": "Locale_Item:favoriteitem_favorite_c142_00_desc",
      "icon_resource_id": "si_favoriteitem_c142_00",
      "img_resource_id": "favoriteitem_c142_00",
      "prop_resource_id": "favoriteitem_common_prop_02",
      "order": 103,
      "favorite_rare": "SSR",
      "favorite_type": "Favorite",
      "weapon_type": "SR",
      "name_code": 5010,
      "max_level": 2,
      "level_enhance_id": 200301,
      "probability_group": 5010,
      "collection_skill_group_data": [
        {
          "collection_skill_id": 712301
        },
        {
          "collection_skill_id": 712002
        }
      ],
      "favoriteitem_skill_group_data": [
        {
          "favorite_skill_id": 2142151,
          "skill_table": "StateEffect",
          "skill_change_slot": 1
        },
        {
          "favorite_skill_id": 1142351,
          "skill_table": "CharacterSkill",
          "skill_change_slot": 3
        },
        {
          "favorite_skill_id": 2142251,
          "skill_table": "StateEffect",
          "skill_change_slot": 2
        }
      ],
      "albumcategory_id": 50003
    },
    {
      "id": 200401,
      "name_localkey": "Locale_Item:favoriteitem_favorite_c100_00",
      "description_localkey": "Locale_Item:favoriteitem_favorite_c100_00_desc",
      "icon_resource_id": "si_favoriteitem_c100_00",
      "img_resource_id": "favoriteitem_c100_00",
      "prop_resource_id": "favoriteitem_common_prop_02",
      "order": 104,
      "favorite_rare": "SSR",
      "favorite_type": "Favorite",
      "weapon_type": "RL",
      "name_code": 1010,
      "max_level": 2,
      "level_enhance_id": 200401,
      "probability_group": 1010,
      "collection_skill_group_data": [
        {
          "collection_skill_id": 712301
        },
        {
          "collection_skill_id": 712002
        }
      ],
      "favoriteitem_skill_group_data": [
        {
          "favorite_skill_id": 2100251,
          "skill_table": "StateEffect",
          "skill_change_slot": 2
        },
        {
          "favorite_skill_id": 1100351,
          "skill_table": "CharacterSkill",
          "skill_change_slot": 3
        },
        {
          "favorite_skill_id": 2100151,
          "skill_table": "StateEffect",
          "skill_change_slot": 1
        }
      ],
      "albumcategory_id": 50004
    },
    {
      "id": 200501,
      "name_localkey": "Locale_Item:favoriteitem_favorite_c112_00",
      "description_localkey": "Locale_Item:favoriteitem_favorite_c112_00_desc",
      "icon_resource_id": "si_favoriteitem_c112_00",
      "img_resource_id": "favoriteitem_c112_00",
      "prop_resource_id": "favoriteitem_common_prop_02",
      "order": 105,
      "favorite_rare": "SSR",
      "favorite_type": "Favorite",
      "weapon_type": "SG",
      "name_code": 1022,
      "max_level": 2,
      "level_enhance_id": 200501,
      "probability_group": 1022,
      "collection_skill_group_data": [
        {
          "collection_skill_id": 712501
        },
        {
          "collection_skill_id": 712002
        }
      ],
      "favoriteitem_skill_group_data": [
        {
          "favorite_skill_id": 2112151,
          "skill_table": "StateEffect",
          "skill_change_slot": 1
        },
        {
          "favorite_skill_id": 1112351,
          "skill_table": "CharacterSkill",
          "skill_change_slot": 3
        },
        {
          "favorite_skill_id": 2112251,
          "skill_table": "StateEffect",
          "skill_change_slot": 2
        }
      ],
      "albumcategory_id": 50005
    },
    {
      "id": 200601,
      "name_localkey": "Locale_Item:favoriteitem_favorite_c032_00",
      "description_localkey": "Locale_Item:favoriteitem_favorite_c032_00_desc",
      "icon_resource_id": "si_favoriteitem_c032_00",
      "img_resource_id": "favoriteitem_c032_00",
      "prop_resource_id": "favoriteitem_common_prop_02",
      "order": 106,
      "favorite_rare": "SSR",
      "favorite_type": "Favorite",
      "weapon_type": "SMG",
      "name_code": 5017,
      "max_level": 2,
      "level_enhance_id": 200601,
      "probability_group": 5017,
      "collection_skill_group_data": [
        {
          "collection_skill_id": 712901
        },
        {
          "collection_skill_id": 712002
        }
      ],
      "favoriteitem_skill_group_data": [
        {
          "favorite_skill_id": 1032351,
          "skill_table": "CharacterSkill",
          "skill_change_slot": 3
        },
        {
          "favorite_skill_id": 2032251,
          "skill_table": "StateEffect",
          "skill_change_slot": 2
        },
        {
          "favorite_skill_id": 2032151,
          "skill_table": "StateEffect",
          "skill_change_slot": 1
        }
      ],
      "albumcategory_id": 50006
    },
    {
      "id": 200701,
      "name_localkey": "Locale_Item:favoriteitem_favorite_c352_00",
      "description_localkey": "Locale_Item:favoriteitem_favorite_c352_00_desc",
      "icon_resource_id": "si_favoriteitem_c352_00",
      "img_resource_id": "favoriteitem_c352_00",
      "prop_resource_id": "favoriteitem_common_prop_02",
      "order": 107,
      "favorite_rare": "SSR",
      "favorite_type": "Favorite",
      "weapon_type": "SR",
      "name_code": 5066,
      "max_level": 2,
      "level_enhance_id": 200701,
      "probability_group": 5066,
      "collection_skill_group_data": [
        {
          "collection_skill_id": 712301
        },
        {
          "collection_skill_id": 712002
        }
      ],
      "favoriteitem_skill_group_data": [
        {
          "favorite_skill_id": 2352151,
          "skill_table": "StateEffect",
          "skill_change_slot": 1
        },
        {
          "favorite_skill_id": 2352251,
          "skill_table": "StateEffect",
          "skill_change_slot": 2
        },
        {
          "favorite_skill_id": 1352351,
          "skill_table": "CharacterSkill",
          "skill_change_slot": 3
        }
      ],
      "albumcategory_id": 50007
    },
    {
      "id": 200801,
      "name_localkey": "Locale_Item:favoriteitem_favorite_c101_00",
      "description_localkey": "Locale_Item:favoriteitem_favorite_c101_00_desc",
      "icon_resource_id": "si_favoriteitem_c101_00",
      "img_resource_id": "favoriteitem_c101_00",
      "prop_resource_id": "favoriteitem_common_prop_02",
      "order": 108,
      "favorite_rare": "SSR",
      "favorite_type": "Favorite",
      "weapon_type": "SG",
      "name_code": 5024,
      "max_level": 2,
      "level_enhance_id": 200801,
      "probability_group": 5024,
      "collection_skill_group_data": [
        {
          "collection_skill_id": 712501
        },
        {
          "collection_skill_id": 712002
        }
      ],
      "favoriteitem_skill_group_data": [
        {
          "favorite_skill_id": 2101151,
          "skill_table": "StateEffect",
          "skill_change_slot": 1
        },
        {
          "favorite_skill_id": 2101251,
          "skill_table": "StateEffect",
          "skill_change_slot": 2
        },
        {
          "favorite_skill_id": 1101351,
          "skill_table": "CharacterSkill",
          "skill_change_slot": 3
        }
      ],
      "albumcategory_id": 50008
    },
    {
      "id": 200901,
      "name_localkey": "Locale_Item:favoriteitem_favorite_c141_00",
      "description_localkey": "Locale_Item:favoriteitem_favorite_c141_00_desc",
      "icon_resource_id": "si_favoriteitem_c141_00",
      "img_resource_id": "favoriteitem_c141_00",
      "prop_resource_id": "favoriteitem_common_prop_02",
      "order": 109,
      "favorite_rare": "SSR",
      "favorite_type": "Favorite",
      "weapon_type": "SR",
      "name_code": 5028,
      "max_level": 2,
      "level_enhance_id": 200901,
      "probability_group": 5028,
      "collection_skill_group_data": [
        {
          "collection_skill_id": 712301
        },
        {
          "collection_skill_id": 712002
        }
      ],
      "favoriteitem_skill_group_data": [
        {
          "favorite_skill_id": 2141151,
          "skill_table": "StateEffect",
          "skill_change_slot": 1
        },
        {
          "favorite_skill_id": 2141251,
          "skill_table": "StateEffect",
          "skill_change_slot": 2
        },
        {
          "favorite_skill_id": 1141351,
          "skill_table": "CharacterSkill",
          "skill_change_slot": 3
        }
      ],
      "albumcategory_id": 50009
    },
    {
      "id": 201001,
      "name_localkey": "Locale_Item:favoriteitem_favorite_c030_00",
      "description_localkey": "Locale_Item:favoriteitem_favorite_c030_00_desc",
      "icon_resource_id": "si_favoriteitem_c030_00",
      "img_resource_id": "favoriteitem_c030_00",
      "prop_resource_id": "favoriteitem_common_prop_02",
      "order": 110,
      "favorite_rare": "SSR",
      "favorite_type": "Favorite",
      "weapon_type": "SG",
      "name_code": 5016,
      "max_level": 2,
      "level_enhance_id": 201001,
      "probability_group": 5016,
      "collection_skill_group_data": [
        {
          "collection_skill_id": 712501
        },
        {
          "collection_skill_id": 712002
        }
      ],
      "favoriteitem_skill_group_data": [
        {
          "favorite_skill_id": 2030151,
          "skill_table": "StateEffect",
          "skill_change_slot": 1
        },
        {
          "favorite_skill_id": 1030351,
          "skill_table": "CharacterSkill",
          "skill_change_slot": 3
        },
        {
          "favorite_skill_id": 2030251,
          "skill_table": "StateEffect",
          "skill_change_slot": 2
        }
      ],
      "albumcategory_id": 50010
    },
    {
      "id": 201101,
      "name_localkey": "Locale_Item:favoriteitem_favorite_c192_00",
      "description_localkey": "Locale_Item:favoriteitem_favorite_c192_00_desc",
      "icon_resource_id": "si_favoriteitem_c192_00",
      "img_resource_id": "favoriteitem_c192_00",
      "prop_resource_id": "favoriteitem_common_prop_02",
      "order": 111,
      "favorite_rare": "SSR",
      "favorite_type": "Favorite",
      "weapon_type": "AR",
      "name_code": 5081,
      "max_level": 2,
      "level_enhance_id": 201101,
      "probability_group": 5081,
      "collection_skill_group_data": [
        {
          "collection_skill_id": 712101
        },
        {
          "collection_skill_id": 712002
        }
      ],
      "favoriteitem_skill_group_data": [
        {
          "favorite_skill_id": 2192151,
          "skill_table": "StateEffect",
          "skill_change_slot": 1
        },
        {
          "favorite_skill_id": 1192351,
          "skill_table": "CharacterSkill",
          "skill_change_slot": 3
        },
        {
          "favorite_skill_id": 2192251,
          "skill_table": "StateEffect",
          "skill_change_slot": 2
        }
      ],
      "albumcategory_id": 50011
    },
    {
      "id": 201201,
      "name_localkey": "Locale_Item:favoriteitem_favorite_c150_00",
      "description_localkey": "Locale_Item:favoriteitem_favorite_c150_00_desc",
      "icon_resource_id": "si_favoriteitem_c150_00",
      "img_resource_id": "favoriteitem_c150_00",
      "prop_resource_id": "favoriteitem_common_prop_02",
      "order": 112,
      "favorite_rare": "SSR",
      "favorite_type": "Favorite",
      "weapon_type": "AR",
      "name_code": 5014,
      "max_level": 2,
      "level_enhance_id": 201201,
      "probability_group": 5014,
      "collection_skill_group_data": [
        {
          "collection_skill_id": 712101
        },
        {
          "collection_skill_id": 712002
        }
      ],
      "favoriteitem_skill_group_data": [
        {
          "favorite_skill_id": 2150251,
          "skill_table": "StateEffect",
          "skill_change_slot": 2
        },
        {
          "favorite_skill_id": 1150151,
          "skill_table": "CharacterSkill",
          "skill_change_slot": 1
        },
        {
          "favorite_skill_id": 1150351,
          "skill_table": "CharacterSkill",
          "skill_change_slot": 3
        }
      ],
      "albumcategory_id": 50012
    },
    {
      "id": 201301,
      "name_localkey": "Locale_Item:favoriteitem_favorite_c550_00",
      "description_localkey": "Locale_Item:favoriteitem_favorite_c550_00_desc",
      "icon_resource_id": "si_favoriteitem_c550_00",
      "img_resource_id": "favoriteitem_c550_00",
      "prop_resource_id": "favoriteitem_common_prop_02",
      "order": 113,
      "favorite_rare": "SSR",
      "favorite_type": "Favorite",
      "weapon_type": "RL",
      "name_code": 5111,
      "max_level": 2,
      "level_enhance_id": 201301,
      "probability_group": 5111,
      "collection_skill_group_data": [
        {
          "collection_skill_id": 712301
        },
        {
          "collection_skill_id": 712002
        }
      ],
      "favoriteitem_skill_group_data": [
        {
          "favorite_skill_id": 2550151,
          "skill_table": "StateEffect",
          "skill_change_slot": 1
        },
        {
          "favorite_skill_id": 2550251,
          "skill_table": "StateEffect",
          "skill_change_slot": 2
        },
        {
          "favorite_skill_id": 1550351,
          "skill_table": "CharacterSkill",
          "skill_change_slot": 3
        }
      ],
      "albumcategory_id": 50013
    }
  ]
}