{
  "version": "0.0.1",
  "records": [
    {
      "id": 5100300,
      "name_localkey": "Locale_Item:piece_50300",
      "description_localkey": "Locale_Item:piece",
      "resource_id": 300,
      "item_type": "Piece",
      "item_sub_type": "CharacterPiece",
      "item_rare": "R",
      "corporation": "ELYSION",
      "class": "Attacker",
      "use_type": "None",
      "use_id": 0,
      "use_value": 0,
      "use_limit_count": false,
      "stack_max": 9999999
    },
    {
      "id": 5100010,
      "name_localkey": "Locale_Item:piece_50010",
      "description_localkey": "Locale_Item:piece",
      "resource_id": 10,
      "item_type": "Piece",
      "item_sub_type": "CharacterPiece",
      "item_rare": "SR",
      "corporation": "ELYSION",
      "class": "Attacker",
      "use_type": "None",
      "use_id": 0,
      "use_value": 0,
      "use_limit_count": false,
      "stack_max": 9999999
    },
    {
      "id": 5100011,
      "name_localkey": "Locale_Item:piece_50011",
      "description_localkey": "Locale_Item:piece",
      "resource_id": 11,
      "item_type": "Piece",
      "item_sub_type": "CharacterPiece",
      "item_rare": "SR",
      "corporation": "ELYSION",
      "class": "Supporter",
      "use_type": "None",
      "use_id": 0,
      "use_value": 0,
      "use_limit_count": false,
      "stack_max": 9999999
    },
    {
      "id": 5100170,
      "name_localkey": "Locale_Item:piece_50170",
      "description_localkey": "Locale_Item:piece",
      "resource_id": 170,
      "item_type": "Piece",
      "item_sub_type": "CharacterPiece",
      "item_rare": "SSR",
      "corporation": "ELYSION",
      "class": "Attacker",
      "use_type": "None",
      "use_id": 0,
      "use_value": 0,
      "use_limit_count": false,
      "stack_max": 9999999
    },
    {
      "id": 5100032,
      "name_localkey": "Locale_Item:piece_50032",
      "description_localkey": "Locale_Item:piece",
      "resource_id": 32,
      "item_type": "Piece",
      "item_sub_type": "CharacterPiece",
      "item_rare": "SSR",
      "corporation": "ELYSION",
      "class": "Supporter",
      "use_type": "None",
      "use_id": 0,
      "use_value": 0,
      "use_limit_count": false,
      "stack_max": 9999999
    },
    {
      "id": 5100092,
      "name_localkey": "Locale_Item:piece_50092",
      "description_localkey": "Locale_Item:piece",
      "resource_id": 92,
      "item_type": "Piece",
      "item_sub_type": "CharacterPiece",
      "item_rare": "SSR",
      "corporation": "ELYSION",
      "class": "Attacker",
      "use_type": "None",
      "use_id": 0,
      "use_value": 0,
      "use_limit_count": false,
      "stack_max": 9999999
    },
    {
      "id": 5100180,
      "name_localkey": "Locale_Item:piece_50180",
      "description_localkey": "Locale_Item:piece",
      "resource_id": 180,
      "item_type": "Piece",
      "item_sub_type": "CharacterPiece",
      "item_rare": "SSR",
      "corporation": "ELYSION",
      "class": "Attacker",
      "use_type": "None",
      "use_id": 0,
      "use_value": 0,
      "use_limit_count": false,
      "stack_max": 9999999
    },
    {
      "id": 5100181,
      "name_localkey": "Locale_Item:piece_50181",
      "description_localkey": "Locale_Item:piece",
      "resource_id": 181,
      "item_type": "Piece",
      "item_sub_type": "CharacterPiece",
      "item_rare": "SSR",
      "corporation": "ELYSION",
      "class": "Attacker",
      "use_type": "None",
      "use_id": 0,
      "use_value": 0,
      "use_limit_count": false,
      "stack_max": 9999999
    },
    {
      "id": 5100303,
      "name_localkey": "Locale_Item:piece_50303",
      "description_localkey": "Locale_Item:piece",
      "resource_id": 303,
      "item_type": "Piece",
      "item_sub_type": "CharacterPiece",
      "item_rare": "R",
      "corporation": "MISSILIS",
      "class": "Attacker",
      "use_type": "None",
      "use_id": 0,
      "use_value": 0,
      "use_limit_count": false,
      "stack_max": 9999999
    },
    {
      "id": 5100291,
      "name_localkey": "Locale_Item:piece_50291",
      "description_localkey": "Locale_Item:piece",
      "resource_id": 291,
      "item_type": "Piece",
      "item_sub_type": "CharacterPiece",
      "item_rare": "SR",
      "corporation": "MISSILIS",
      "class": "Defender",
      "use_type": "None",
      "use_id": 0,
      "use_value": 0,
      "use_limit_count": false,
      "stack_max": 9999999
    },
    {
      "id": 5100102,
      "name_localkey": "Locale_Item:piece_50102",
      "description_localkey": "Locale_Item:piece",
      "resource_id": 102,
      "item_type": "Piece",
      "item_sub_type": "CharacterPiece",
      "item_rare": "SSR",
      "corporation": "MISSILIS",
      "class": "Attacker",
      "use_type": "None",
      "use_id": 0,
      "use_value": 0,
      "use_limit_count": false,
      "stack_max": 9999999
    },
    {
      "id": 5100160,
      "name_localkey": "Locale_Item:piece_50160",
      "description_localkey": "Locale_Item:piece",
      "resource_id": 160,
      "item_type": "Piece",
      "item_sub_type": "CharacterPiece",
      "item_rare": "SSR",
      "corporation": "MISSILIS",
      "class": "Defender",
      "use_type": "None",
      "use_id": 0,
      "use_value": 0,
      "use_limit_count": false,
      "stack_max": 9999999
    },
    {
      "id": 5100082,
      "name_localkey": "Locale_Item:piece_50082",
      "description_localkey": "Locale_Item:piece",
      "resource_id": 82,
      "item_type": "Piece",
      "item_sub_type": "CharacterPiece",
      "item_rare": "SSR",
      "corporation": "MISSILIS",
      "class": "Supporter",
      "use_type": "None",
      "use_id": 0,
      "use_value": 0,
      "use_limit_count": false,
      "stack_max": 9999999
    },
    {
      "id": 5100110,
      "name_localkey": "Locale_Item:piece_50110",
      "description_localkey": "Locale_Item:piece",
      "resource_id": 110,
      "item_type": "Piece",
      "item_sub_type": "CharacterPiece",
      "item_rare": "SSR",
      "corporation": "MISSILIS",
      "class": "Defender",
      "use_type": "None",
      "use_id": 0,
      "use_value": 0,
      "use_limit_count": false,
      "stack_max": 9999999
    },
    {
      "id": 5100100,
      "name_localkey": "Locale_Item:piece_50100",
      "description_localkey": "Locale_Item:piece",
      "resource_id": 100,
      "item_type": "Piece",
      "item_sub_type": "CharacterPiece",
      "item_rare": "SSR",
      "corporation": "MISSILIS",
      "class": "Attacker",
      "use_type": "None",
      "use_id": 0,
      "use_value": 0,
      "use_limit_count": false,
      "stack_max": 9999999
    },
    {
      "id": 5100140,
      "name_localkey": "Locale_Item:piece_50140",
      "description_localkey": "Locale_Item:piece",
      "resource_id": 140,
      "item_type": "Piece",
      "item_sub_type": "CharacterPiece",
      "item_rare": "SSR",
      "corporation": "TETRA",
      "class": "Attacker",
      "use_type": "None",
      "use_id": 0,
      "use_value": 0,
      "use_limit_count": false,
      "stack_max": 9999999
    },
    {
      "id": 5100141,
      "name_localkey": "Locale_Item:piece_50141",
      "description_localkey": "Locale_Item:piece",
      "resource_id": 141,
      "item_type": "Piece",
      "item_sub_type": "CharacterPiece",
      "item_rare": "SSR",
      "corporation": "TETRA",
      "class": "Attacker",
      "use_type": "None",
      "use_id": 0,
      "use_value": 0,
      "use_limit_count": false,
      "stack_max": 9999999
    },
    {
      "id": 5100200,
      "name_localkey": "Locale_Item:piece_50200",
      "description_localkey": "Locale_Item:piece",
      "resource_id": 200,
      "item_type": "Piece",
      "item_sub_type": "CharacterPiece",
      "item_rare": "SSR",
      "corporation": "TETRA",
      "class": "Attacker",
      "use_type": "None",
      "use_id": 0,
      "use_value": 0,
      "use_limit_count": false,
      "stack_max": 9999999
    },
    {
      "id": 5100201,
      "name_localkey": "Locale_Item:piece_50201",
      "description_localkey": "Locale_Item:piece",
      "resource_id": 201,
      "item_type": "Piece",
      "item_sub_type": "CharacterPiece",
      "item_rare": "SSR",
      "corporation": "TETRA",
      "class": "Supporter",
      "use_type": "None",
      "use_id": 0,
      "use_value": 0,
      "use_limit_count": false,
      "stack_max": 9999999
    },
    {
      "id": 5100242,
      "name_localkey": "Locale_Item:piece_50242",
      "description_localkey": "Locale_Item:piece",
      "resource_id": 242,
      "item_type": "Piece",
      "item_sub_type": "CharacterPiece",
      "item_rare": "SSR",
      "corporation": "TETRA",
      "class": "Defender",
      "use_type": "None",
      "use_id": 0,
      "use_value": 0,
      "use_limit_count": false,
      "stack_max": 9999999
    },
    {
      "id": 5100220,
      "name_localkey": "Locale_Item:piece_50220",
      "description_localkey": "Locale_Item:piece",
      "resource_id": 220,
      "item_type": "Piece",
      "item_sub_type": "CharacterPiece",
      "item_rare": "SSR",
      "corporation": "PILGRIM",
      "corporation_sub_type": "OVERSPEC",
      "class": "Attacker",
      "use_type": "None",
      "use_id": 0,
      "use_value": 0,
      "use_limit_count": false,
      "stack_max": 9999999
    },
    {
      "id": 5100231,
      "name_localkey": "Locale_Item:piece_50231",
      "description_localkey": "Locale_Item:piece",
      "resource_id": 231,
      "item_type": "Piece",
      "item_sub_type": "CharacterPiece",
      "item_rare": "SSR",
      "corporation": "PILGRIM",
      "corporation_sub_type": "OVERSPEC",
      "class": "Attacker",
      "use_type": "None",
      "use_id": 0,
      "use_value": 0,
      "use_limit_count": false,
      "stack_max": 9999999
    },
    {
      "id": 5100221,
      "name_localkey": "Locale_Item:piece_50221",
      "description_localkey": "Locale_Item:piece",
      "resource_id": 221,
      "item_type": "Piece",
      "item_sub_type": "CharacterPiece",
      "item_rare": "SSR",
      "corporation": "PILGRIM",
      "corporation_sub_type": "OVERSPEC",
      "class": "Supporter",
      "use_type": "None",
      "use_id": 0,
      "use_value": 0,
      "use_limit_count": false,
      "stack_max": 9999999
    },
    {
      "id": 5100222,
      "name_localkey": "Locale_Item:piece_50222",
      "description_localkey": "Locale_Item:piece",
      "resource_id": 222,
      "item_type": "Piece",
      "item_sub_type": "CharacterPiece",
      "item_rare": "SSR",
      "corporation": "PILGRIM",
      "corporation_sub_type": "OVERSPEC",
      "class": "Attacker",
      "use_type": "None",
      "use_id": 0,
      "use_value": 0,
      "use_limit_count": false,
      "stack_max": 9999999
    },
    {
      "id": 5100230,
      "name_localkey": "Locale_Item:piece_50230",
      "description_localkey": "Locale_Item:piece",
      "resource_id": 230,
      "item_type": "Piece",
      "item_sub_type": "CharacterPiece",
      "item_rare": "SSR",
      "corporation": "PILGRIM",
      "corporation_sub_type": "OVERSPEC",
      "class": "Attacker",
      "use_type": "None",
      "use_id": 0,
      "use_value": 0,
      "use_limit_count": false,
      "stack_max": 9999999
    },
    {
      "id": 5100232,
      "name_localkey": "Locale_Item:piece_50232",
      "description_localkey": "Locale_Item:piece",
      "resource_id": 232,
      "item_type": "Piece",
      "item_sub_type": "CharacterPiece",
      "item_rare": "SSR",
      "corporation": "PILGRIM",
      "corporation_sub_type": "OVERSPEC",
      "class": "Defender",
      "use_type": "None",
      "use_id": 0,
      "use_value": 0,
      "use_limit_count": false,
      "stack_max": 9999999
    },
    {
      "id": 5100301,
      "name_localkey": "Locale_Item:piece_50301",
      "description_localkey": "Locale_Item:piece",
      "resource_id": 301,
      "item_type": "Piece",
      "item_sub_type": "CharacterPiece",
      "item_rare": "R",
      "corporation": "ELYSION",
      "class": "Defender",
      "use_type": "None",
      "use_id": 0,
      "use_value": 0,
      "use_limit_count": false,
      "stack_max": 9999999
    },
    {
      "id": 5100020,
      "name_localkey": "Locale_Item:piece_50020",
      "description_localkey": "Locale_Item:piece",
      "resource_id": 20,
      "item_type": "Piece",
      "item_sub_type": "CharacterPiece",
      "item_rare": "SR",
      "corporation": "ELYSION",
      "class": "Defender",
      "use_type": "None",
      "use_id": 0,
      "use_value": 0,
      "use_limit_count": false,
      "stack_max": 9999999
    },
    {
      "id": 5100030,
      "name_localkey": "Locale_Item:piece_50030",
      "description_localkey": "Locale_Item:piece",
      "resource_id": 30,
      "item_type": "Piece",
      "item_sub_type": "CharacterPiece",
      "item_rare": "SSR",
      "corporation": "ELYSION",
      "class": "Defender",
      "use_type": "None",
      "use_id": 0,
      "use_value": 0,
      "use_limit_count": false,
      "stack_max": 9999999
    },
    {
      "id": 5100070,
      "name_localkey": "Locale_Item:piece_50070",
      "description_localkey": "Locale_Item:piece",
      "resource_id": 70,
      "item_type": "Piece",
      "item_sub_type": "CharacterPiece",
      "item_rare": "SSR",
      "corporation": "ELYSION",
      "class": "Attacker",
      "use_type": "None",
      "use_id": 0,
      "use_value": 0,
      "use_limit_count": false,
      "stack_max": 9999999
    },
    {
      "id": 5100072,
      "name_localkey": "Locale_Item:piece_50072",
      "description_localkey": "Locale_Item:piece",
      "resource_id": 72,
      "item_type": "Piece",
      "item_sub_type": "CharacterPiece",
      "item_rare": "SSR",
      "corporation": "ELYSION",
      "class": "Defender",
      "use_type": "None",
      "use_id": 0,
      "use_value": 0,
      "use_limit_count": false,
      "stack_max": 9999999
    },
    {
      "id": 5100161,
      "name_localkey": "Locale_Item:piece_50161",
      "description_localkey": "Locale_Item:piece",
      "resource_id": 161,
      "item_type": "Piece",
      "item_sub_type": "CharacterPiece",
      "item_rare": "SR",
      "corporation": "MISSILIS",
      "class": "Attacker",
      "use_type": "None",
      "use_id": 0,
      "use_value": 0,
      "use_limit_count": false,
      "stack_max": 9999999
    },
    {
      "id": 5100150,
      "name_localkey": "Locale_Item:piece_50150",
      "description_localkey": "Locale_Item:piece",
      "resource_id": 150,
      "item_type": "Piece",
      "item_sub_type": "CharacterPiece",
      "item_rare": "SSR",
      "corporation": "MISSILIS",
      "class": "Attacker",
      "use_type": "None",
      "use_id": 0,
      "use_value": 0,
      "use_limit_count": false,
      "stack_max": 9999999
    },
    {
      "id": 5100101,
      "name_localkey": "Locale_Item:piece_50101",
      "description_localkey": "Locale_Item:piece",
      "resource_id": 101,
      "item_type": "Piece",
      "item_sub_type": "CharacterPiece",
      "item_rare": "SSR",
      "corporation": "MISSILIS",
      "class": "Attacker",
      "use_type": "None",
      "use_id": 0,
      "use_value": 0,
      "use_limit_count": false,
      "stack_max": 9999999
    },
    {
      "id": 5100304,
      "name_localkey": "Locale_Item:piece_50304",
      "description_localkey": "Locale_Item:piece",
      "resource_id": 304,
      "item_type": "Piece",
      "item_sub_type": "CharacterPiece",
      "item_rare": "R",
      "corporation": "TETRA",
      "class": "Defender",
      "use_type": "None",
      "use_id": 0,
      "use_value": 0,
      "use_limit_count": false,
      "stack_max": 9999999
    },
    {
      "id": 5100060,
      "name_localkey": "Locale_Item:piece_50060",
      "description_localkey": "Locale_Item:piece",
      "resource_id": 60,
      "item_type": "Piece",
      "item_sub_type": "CharacterPiece",
      "item_rare": "SR",
      "corporation": "TETRA",
      "class": "Attacker",
      "use_type": "None",
      "use_id": 0,
      "use_value": 0,
      "use_limit_count": false,
      "stack_max": 9999999
    },
    {
      "id": 5100061,
      "name_localkey": "Locale_Item:piece_50061",
      "description_localkey": "Locale_Item:piece",
      "resource_id": 61,
      "item_type": "Piece",
      "item_sub_type": "CharacterPiece",
      "item_rare": "SR",
      "corporation": "TETRA",
      "class": "Supporter",
      "use_type": "None",
      "use_id": 0,
      "use_value": 0,
      "use_limit_count": false,
      "stack_max": 9999999
    },
    {
      "id": 5100171,
      "name_localkey": "Locale_Item:piece_50171",
      "description_localkey": "Locale_Item:piece",
      "resource_id": 171,
      "item_type": "Piece",
      "item_sub_type": "CharacterPiece",
      "item_rare": "SSR",
      "corporation": "TETRA",
      "class": "Attacker",
      "use_type": "None",
      "use_id": 0,
      "use_value": 0,
      "use_limit_count": false,
      "stack_max": 9999999
    },
    {
      "id": 5100212,
      "name_localkey": "Locale_Item:piece_50212",
      "description_localkey": "Locale_Item:piece",
      "resource_id": 212,
      "item_type": "Piece",
      "item_sub_type": "CharacterPiece",
      "item_rare": "SSR",
      "corporation": "TETRA",
      "class": "Defender",
      "use_type": "None",
      "use_id": 0,
      "use_value": 0,
      "use_limit_count": false,
      "stack_max": 9999999
    },
    {
      "id": 5100241,
      "name_localkey": "Locale_Item:piece_50241",
      "description_localkey": "Locale_Item:piece",
      "resource_id": 241,
      "item_type": "Piece",
      "item_sub_type": "CharacterPiece",
      "item_rare": "SSR",
      "corporation": "MISSILIS",
      "class": "Attacker",
      "use_type": "None",
      "use_id": 0,
      "use_value": 0,
      "use_limit_count": false,
      "stack_max": 9999999
    },
    {
      "id": 5100090,
      "name_localkey": "Locale_Item:piece_50090",
      "description_localkey": "Locale_Item:piece",
      "resource_id": 90,
      "item_type": "Piece",
      "item_sub_type": "CharacterPiece",
      "item_rare": "SSR",
      "corporation": "ELYSION",
      "class": "Supporter",
      "use_type": "None",
      "use_id": 0,
      "use_value": 0,
      "use_limit_count": false,
      "stack_max": 9999999
    },
    {
      "id": 5100022,
      "name_localkey": "Locale_Item:piece_50022",
      "description_localkey": "Locale_Item:piece",
      "resource_id": 22,
      "item_type": "Piece",
      "item_sub_type": "CharacterPiece",
      "item_rare": "SSR",
      "corporation": "ELYSION",
      "class": "Attacker",
      "use_type": "None",
      "use_id": 0,
      "use_value": 0,
      "use_limit_count": false,
      "stack_max": 9999999
    },
    {
      "id": 5100071,
      "name_localkey": "Locale_Item:piece_50071",
      "description_localkey": "Locale_Item:piece",
      "resource_id": 71,
      "item_type": "Piece",
      "item_sub_type": "CharacterPiece",
      "item_rare": "SSR",
      "corporation": "ELYSION",
      "class": "Attacker",
      "use_type": "None",
      "use_id": 0,
      "use_value": 0,
      "use_limit_count": false,
      "stack_max": 9999999
    },
    {
      "id": 5100091,
      "name_localkey": "Locale_Item:piece_50091",
      "description_localkey": "Locale_Item:piece",
      "resource_id": 91,
      "item_type": "Piece",
      "item_sub_type": "CharacterPiece",
      "item_rare": "SSR",
      "corporation": "ELYSION",
      "class": "Attacker",
      "use_type": "None",
      "use_id": 0,
      "use_value": 0,
      "use_limit_count": false,
      "stack_max": 9999999
    },
    {
      "id": 5100302,
      "name_localkey": "Locale_Item:piece_50302",
      "description_localkey": "Locale_Item:piece",
      "resource_id": 302,
      "item_type": "Piece",
      "item_sub_type": "CharacterPiece",
      "item_rare": "R",
      "corporation": "MISSILIS",
      "class": "Supporter",
      "use_type": "None",
      "use_id": 0,
      "use_value": 0,
      "use_limit_count": false,
      "stack_max": 9999999
    },
    {
      "id": 5100120,
      "name_localkey": "Locale_Item:piece_50120",
      "description_localkey": "Locale_Item:piece",
      "resource_id": 120,
      "item_type": "Piece",
      "item_sub_type": "CharacterPiece",
      "item_rare": "SR",
      "corporation": "MISSILIS",
      "class": "Supporter",
      "use_type": "None",
      "use_id": 0,
      "use_value": 0,
      "use_limit_count": false,
      "stack_max": 9999999
    },
    {
      "id": 5100080,
      "name_localkey": "Locale_Item:piece_50080",
      "description_localkey": "Locale_Item:piece",
      "resource_id": 80,
      "item_type": "Piece",
      "item_sub_type": "CharacterPiece",
      "item_rare": "SSR",
      "corporation": "MISSILIS",
      "class": "Defender",
      "use_type": "None",
      "use_id": 0,
      "use_value": 0,
      "use_limit_count": false,
      "stack_max": 9999999
    },
    {
      "id": 5100131,
      "name_localkey": "Locale_Item:piece_50131",
      "description_localkey": "Locale_Item:piece",
      "resource_id": 131,
      "item_type": "Piece",
      "item_sub_type": "CharacterPiece",
      "item_rare": "SSR",
      "corporation": "MISSILIS",
      "class": "Supporter",
      "use_type": "None",
      "use_id": 0,
      "use_value": 0,
      "use_limit_count": false,
      "stack_max": 9999999
    },
    {
      "id": 5100172,
      "name_localkey": "Locale_Item:piece_50172",
      "description_localkey": "Locale_Item:piece",
      "resource_id": 172,
      "item_type": "Piece",
      "item_sub_type": "CharacterPiece",
      "item_rare": "SSR",
      "corporation": "MISSILIS",
      "class": "Supporter",
      "use_type": "None",
      "use_id": 0,
      "use_value": 0,
      "use_limit_count": false,
      "stack_max": 9999999
    },
    {
      "id": 5100305,
      "name_localkey": "Locale_Item:piece_50305",
      "description_localkey": "Locale_Item:piece",
      "resource_id": 305,
      "item_type": "Piece",
      "item_sub_type": "CharacterPiece",
      "item_rare": "R",
      "corporation": "TETRA",
      "class": "Supporter",
      "use_type": "None",
      "use_id": 0,
      "use_value": 0,
      "use_limit_count": false,
      "stack_max": 9999999
    },
    {
      "id": 5100012,
      "name_localkey": "Locale_Item:piece_50012",
      "description_localkey": "Locale_Item:piece",
      "resource_id": 12,
      "item_type": "Piece",
      "item_sub_type": "CharacterPiece",
      "item_rare": "SR",
      "corporation": "TETRA",
      "class": "Defender",
      "use_type": "None",
      "use_id": 0,
      "use_value": 0,
      "use_limit_count": false,
      "stack_max": 9999999
    },
    {
      "id": 5100210,
      "name_localkey": "Locale_Item:piece_50210",
      "description_localkey": "Locale_Item:piece",
      "resource_id": 210,
      "item_type": "Piece",
      "item_sub_type": "CharacterPiece",
      "item_rare": "SSR",
      "corporation": "TETRA",
      "class": "Supporter",
      "use_type": "None",
      "use_id": 0,
      "use_value": 0,
      "use_limit_count": false,
      "stack_max": 9999999
    },
    {
      "id": 5100191,
      "name_localkey": "Locale_Item:piece_50191",
      "description_localkey": "Locale_Item:piece",
      "resource_id": 191,
      "item_type": "Piece",
      "item_sub_type": "CharacterPiece",
      "item_rare": "SSR",
      "corporation": "TETRA",
      "class": "Attacker",
      "use_type": "None",
      "use_id": 0,
      "use_value": 0,
      "use_limit_count": false,
      "stack_max": 9999999
    },
    {
      "id": 5100142,
      "name_localkey": "Locale_Item:piece_50142",
      "description_localkey": "Locale_Item:piece",
      "resource_id": 142,
      "item_type": "Piece",
      "item_sub_type": "CharacterPiece",
      "item_rare": "SSR",
      "corporation": "TETRA",
      "class": "Supporter",
      "use_type": "None",
      "use_id": 0,
      "use_value": 0,
      "use_limit_count": false,
      "stack_max": 9999999
    },
    {
      "id": 5100130,
      "name_localkey": "Locale_Item:piece_50130",
      "description_localkey": "Locale_Item:piece",
      "resource_id": 130,
      "item_type": "Piece",
      "item_sub_type": "CharacterPiece",
      "item_rare": "SSR",
      "corporation": "TETRA",
      "class": "Supporter",
      "use_type": "None",
      "use_id": 0,
      "use_value": 0,
      "use_limit_count": false,
      "stack_max": 9999999
    },
    {
      "id": 5100190,
      "name_localkey": "Locale_Item:piece_50190",
      "description_localkey": "Locale_Item:piece",
      "resource_id": 190,
      "item_type": "Piece",
      "item_sub_type": "CharacterPiece",
      "item_rare": "SSR",
      "corporation": "TETRA",
      "class": "Defender",
      "use_type": "None",
      "use_id": 0,
      "use_value": 0,
      "use_limit_count": false,
      "stack_max": 9999999
    },
    {
      "id": 5100202,
      "name_localkey": "Locale_Item:piece_50202",
      "description_localkey": "Locale_Item:piece",
      "resource_id": 202,
      "item_type": "Piece",
      "item_sub_type": "CharacterPiece",
      "item_rare": "SSR",
      "corporation": "TETRA",
      "class": "Supporter",
      "use_type": "None",
      "use_id": 0,
      "use_value": 0,
      "use_limit_count": false,
      "stack_max": 9999999
    },
    {
      "id": 5100352,
      "name_localkey": "Locale_Item:piece_352",
      "description_localkey": "Locale_Item:piece",
      "resource_id": 352,
      "item_type": "Piece",
      "item_sub_type": "CharacterPiece",
      "item_rare": "SSR",
      "corporation": "ELYSION",
      "class": "Attacker",
      "use_type": "None",
      "use_id": 0,
      "use_value": 0,
      "use_limit_count": false,
      "stack_max": 9999999
    },
    {
      "id": 5100432,
      "name_localkey": "Locale_Item:piece_432",
      "description_localkey": "Locale_Item:piece",
      "resource_id": 432,
      "item_type": "Piece",
      "item_sub_type": "CharacterPiece",
      "item_rare": "SSR",
      "corporation": "TETRA",
      "class": "Attacker",
      "use_type": "None",
      "use_id": 0,
      "use_value": 0,
      "use_limit_count": false,
      "stack_max": 9999999
    },
    {
      "id": 5100430,
      "name_localkey": "Locale_Item:piece_430",
      "description_localkey": "Locale_Item:piece",
      "resource_id": 430,
      "item_type": "Piece",
      "item_sub_type": "CharacterPiece",
      "item_rare": "SSR",
      "corporation": "TETRA",
      "class": "Supporter",
      "use_type": "None",
      "use_id": 0,
      "use_value": 0,
      "use_limit_count": false,
      "stack_max": 9999999
    },
    {
      "id": 5100431,
      "name_localkey": "Locale_Item:piece_431",
      "description_localkey": "Locale_Item:piece",
      "resource_id": 431,
      "item_type": "Piece",
      "item_sub_type": "CharacterPiece",
      "item_rare": "SSR",
      "corporation": "TETRA",
      "class": "Attacker",
      "use_type": "None",
      "use_id": 0,
      "use_value": 0,
      "use_limit_count": false,
      "stack_max": 9999999
    },
    {
      "id": 5100121,
      "name_localkey": "Locale_Item:piece_121",
      "description_localkey": "Locale_Item:piece",
      "resource_id": 121,
      "item_type": "Piece",
      "item_sub_type": "CharacterPiece",
      "item_rare": "SSR",
      "corporation": "MISSILIS",
      "class": "Supporter",
      "use_type": "None",
      "use_id": 0,
      "use_value": 0,
      "use_limit_count": false,
      "stack_max": 9999999
    },
    {
      "id": 5100203,
      "name_localkey": "Locale_Item:piece_203",
      "description_localkey": "Locale_Item:piece",
      "resource_id": 203,
      "item_type": "Piece",
      "item_sub_type": "CharacterPiece",
      "item_rare": "SSR",
      "corporation": "TETRA",
      "class": "Defender",
      "use_type": "None",
      "use_id": 0,
      "use_value": 0,
      "use_limit_count": false,
      "stack_max": 9999999
    },
    {
      "id": 5100193,
      "name_localkey": "Locale_Item:piece_193",
      "description_localkey": "Locale_Item:piece",
      "resource_id": 193,
      "item_type": "Piece",
      "item_sub_type": "CharacterPiece",
      "item_rare": "SR",
      "corporation": "TETRA",
      "class": "Attacker",
      "use_type": "None",
      "use_id": 0,
      "use_value": 0,
      "use_limit_count": false,
      "stack_max": 9999999
    },
    {
      "id": 5100260,
      "name_localkey": "Locale_Item:piece_50260",
      "description_localkey": "Locale_Item:piece",
      "resource_id": 260,
      "item_type": "Piece",
      "item_sub_type": "CharacterPiece",
      "item_rare": "SSR",
      "corporation": "PILGRIM",
      "corporation_sub_type": "OVERSPEC",
      "class": "Attacker",
      "use_type": "None",
      "use_id": 0,
      "use_value": 0,
      "use_limit_count": false,
      "stack_max": 9999999
    },
    {
      "id": 5100400,
      "name_localkey": "Locale_Item:piece_400",
      "description_localkey": "Locale_Item:piece",
      "resource_id": 400,
      "item_type": "Piece",
      "item_sub_type": "CharacterPiece",
      "item_rare": "SSR",
      "corporation": "MISSILIS",
      "class": "Attacker",
      "use_type": "None",
      "use_id": 0,
      "use_value": 0,
      "use_limit_count": false,
      "stack_max": 9999999
    },
    {
      "id": 5100401,
      "name_localkey": "Locale_Item:piece_401",
      "description_localkey": "Locale_Item:piece",
      "resource_id": 401,
      "item_type": "Piece",
      "item_sub_type": "CharacterPiece",
      "item_rare": "SSR",
      "corporation": "MISSILIS",
      "class": "Defender",
      "use_type": "None",
      "use_id": 0,
      "use_value": 0,
      "use_limit_count": false,
      "stack_max": 9999999
    },
    {
      "id": 5100402,
      "name_localkey": "Locale_Item:piece_402",
      "description_localkey": "Locale_Item:piece",
      "resource_id": 402,
      "item_type": "Piece",
      "item_sub_type": "CharacterPiece",
      "item_rare": "SSR",
      "corporation": "MISSILIS",
      "class": "Supporter",
      "use_type": "None",
      "use_id": 0,
      "use_value": 0,
      "use_limit_count": false,
      "stack_max": 9999999
    },
    {
      "id": 5100112,
      "name_localkey": "Locale_Item:piece_50112",
      "description_localkey": "Locale_Item:piece",
      "resource_id": 112,
      "item_type": "Piece",
      "item_sub_type": "CharacterPiece",
      "item_rare": "SSR",
      "corporation": "TETRA",
      "class": "Attacker",
      "use_type": "None",
      "use_id": 0,
      "use_value": 0,
      "use_limit_count": false,
      "stack_max": 9999999
    },
    {
      "id": 5100111,
      "name_localkey": "Locale_Item:piece_50111",
      "description_localkey": "Locale_Item:piece",
      "resource_id": 111,
      "item_type": "Piece",
      "item_sub_type": "CharacterPiece",
      "item_rare": "SSR",
      "corporation": "MISSILIS",
      "class": "Defender",
      "use_type": "None",
      "use_id": 0,
      "use_value": 0,
      "use_limit_count": false,
      "stack_max": 9999999
    },
    {
      "id": 5100311,
      "name_localkey": "Locale_Item:piece_311",
      "description_localkey": "Locale_Item:piece",
      "resource_id": 311,
      "item_type": "Piece",
      "item_sub_type": "CharacterPiece",
      "item_rare": "SSR",
      "corporation": "TETRA",
      "class": "Supporter",
      "use_type": "None",
      "use_id": 0,
      "use_value": 0,
      "use_limit_count": false,
      "stack_max": 9999999
    },
    {
      "id": 5100312,
      "name_localkey": "Locale_Item:piece_312",
      "description_localkey": "Locale_Item:piece",
      "resource_id": 312,
      "item_type": "Piece",
      "item_sub_type": "CharacterPiece",
      "item_rare": "SSR",
      "corporation": "TETRA",
      "class": "Attacker",
      "use_type": "None",
      "use_id": 0,
      "use_value": 0,
      "use_limit_count": false,
      "stack_max": 9999999
    },
    {
      "id": 5100800,
      "name_localkey": "Locale_Item:piece_800",
      "description_localkey": "Locale_Item:piece",
      "resource_id": 800,
      "item_type": "Piece",
      "item_sub_type": "CharacterPiece",
      "item_rare": "SSR",
      "corporation": "ABNORMAL",
      "class": "Attacker",
      "use_type": "None",
      "use_id": 0,
      "use_value": 0,
      "use_limit_count": false,
      "stack_max": 9999999
    },
    {
      "id": 5100801,
      "name_localkey": "Locale_Item:piece_801",
      "description_localkey": "Locale_Item:piece",
      "resource_id": 801,
      "item_type": "Piece",
      "item_sub_type": "CharacterPiece",
      "item_rare": "SSR",
      "corporation": "ABNORMAL",
      "class": "Attacker",
      "use_type": "None",
      "use_id": 0,
      "use_value": 0,
      "use_limit_count": false,
      "stack_max": 9999999
    },
    {
      "id": 5100802,
      "name_localkey": "Locale_Item:piece_802",
      "description_localkey": "Locale_Item:piece",
      "resource_id": 802,
      "item_type": "Piece",
      "item_sub_type": "CharacterPiece",
      "item_rare": "SR",
      "corporation": "ABNORMAL",
      "class": "Attacker",
      "use_type": "None",
      "use_id": 0,
      "use_value": 0,
      "use_limit_count": false,
      "stack_max": 9999999
    },
    {
      "id": 5100381,
      "name_localkey": "Locale_Item:piece_381",
      "description_localkey": "Locale_Item:piece",
      "resource_id": 381,
      "item_type": "Piece",
      "item_sub_type": "CharacterPiece",
      "item_rare": "SSR",
      "corporation": "TETRA",
      "class": "Attacker",
      "use_type": "None",
      "use_id": 0,
      "use_value": 0,
      "use_limit_count": false,
      "stack_max": 9999999
    },
    {
      "id": 5100261,
      "name_localkey": "Locale_Item:piece_261",
      "description_localkey": "Locale_Item:piece",
      "resource_id": 261,
      "item_type": "Piece",
      "item_sub_type": "CharacterPiece",
      "item_rare": "SSR",
      "corporation": "PILGRIM",
      "corporation_sub_type": "OVERSPEC",
      "class": "Attacker",
      "use_type": "None",
      "use_id": 0,
      "use_value": 0,
      "use_limit_count": false,
      "stack_max": 9999999
    },
    {
      "id": 5100282,
      "name_localkey": "Locale_Item:piece_50282",
      "description_localkey": "Locale_Item:piece",
      "resource_id": 282,
      "item_type": "Piece",
      "item_sub_type": "CharacterPiece",
      "item_rare": "SSR",
      "corporation": "TETRA",
      "class": "Supporter",
      "use_type": "None",
      "use_id": 0,
      "use_value": 0,
      "use_limit_count": false,
      "stack_max": 9999999
    },
    {
      "id": 5100040,
      "name_localkey": "Locale_Item:piece_50040",
      "description_localkey": "Locale_Item:piece",
      "resource_id": 40,
      "item_type": "Piece",
      "item_sub_type": "CharacterPiece",
      "item_rare": "SSR",
      "corporation": "ELYSION",
      "class": "Attacker",
      "use_type": "None",
      "use_id": 0,
      "use_value": 0,
      "use_limit_count": false,
      "stack_max": 9999999
    },
    {
      "id": 5100233,
      "name_localkey": "Locale_Item:piece_233",
      "description_localkey": "Locale_Item:piece",
      "resource_id": 233,
      "item_type": "Piece",
      "item_sub_type": "CharacterPiece",
      "item_rare": "SSR",
      "corporation": "PILGRIM",
      "corporation_sub_type": "OVERSPEC",
      "class": "Attacker",
      "use_type": "None",
      "use_id": 0,
      "use_value": 0,
      "use_limit_count": false,
      "stack_max": 9999999
    },
    {
      "id": 5100392,
      "name_localkey": "Locale_Item:piece_392",
      "description_localkey": "Locale_Item:piece",
      "resource_id": 392,
      "item_type": "Piece",
      "item_sub_type": "CharacterPiece",
      "item_rare": "SSR",
      "corporation": "TETRA",
      "class": "Attacker",
      "use_type": "None",
      "use_id": 0,
      "use_value": 0,
      "use_limit_count": false,
      "stack_max": 9999999
    },
    {
      "id": 5100270,
      "name_localkey": "Locale_Item:piece_50270",
      "description_localkey": "Locale_Item:piece",
      "resource_id": 270,
      "item_type": "Piece",
      "item_sub_type": "CharacterPiece",
      "item_rare": "SSR",
      "corporation": "TETRA",
      "class": "Attacker",
      "use_type": "None",
      "use_id": 0,
      "use_value": 0,
      "use_limit_count": false,
      "stack_max": 9999999
    },
    {
      "id": 5100271,
      "name_localkey": "Locale_Item:piece_50271",
      "description_localkey": "Locale_Item:piece",
      "resource_id": 271,
      "item_type": "Piece",
      "item_sub_type": "CharacterPiece",
      "item_rare": "SSR",
      "corporation": "TETRA",
      "class": "Attacker",
      "use_type": "None",
      "use_id": 0,
      "use_value": 0,
      "use_limit_count": false,
      "stack_max": 9999999
    },
    {
      "id": 5100280,
      "name_localkey": "Locale_Item:piece_50280",
      "description_localkey": "Locale_Item:piece",
      "resource_id": 280,
      "item_type": "Piece",
      "item_sub_type": "CharacterPiece",
      "item_rare": "SSR",
      "corporation": "TETRA",
      "class": "Supporter",
      "use_type": "None",
      "use_id": 0,
      "use_value": 0,
      "use_limit_count": false,
      "stack_max": 9999999
    },
    {
      "id": 5100132,
      "name_localkey": "Locale_Item:piece_132",
      "description_localkey": "Locale_Item:piece",
      "resource_id": 132,
      "item_type": "Piece",
      "item_sub_type": "CharacterPiece",
      "item_rare": "SSR",
      "corporation": "TETRA",
      "class": "Attacker",
      "use_type": "None",
      "use_id": 0,
      "use_value": 0,
      "use_limit_count": false,
      "stack_max": 9999999
    },
    {
      "id": 5100014,
      "name_localkey": "Locale_Item:piece_014",
      "description_localkey": "Locale_Item:piece",
      "resource_id": 14,
      "item_type": "Piece",
      "item_sub_type": "CharacterPiece",
      "item_rare": "SSR",
      "corporation": "ELYSION",
      "class": "Attacker",
      "use_type": "None",
      "use_id": 0,
      "use_value": 0,
      "use_limit_count": false,
      "stack_max": 9999999
    },
    {
      "id": 5100380,
      "name_localkey": "Locale_Item:piece_380",
      "description_localkey": "Locale_Item:piece",
      "resource_id": 380,
      "item_type": "Piece",
      "item_sub_type": "CharacterPiece",
      "item_rare": "SSR",
      "corporation": "TETRA",
      "class": "Attacker",
      "use_type": "None",
      "use_id": 0,
      "use_value": 0,
      "use_limit_count": false,
      "stack_max": 9999999
    },
    {
      "id": 5100350,
      "name_localkey": "Locale_Item:piece_350",
      "description_localkey": "Locale_Item:piece",
      "resource_id": 350,
      "item_type": "Piece",
      "item_sub_type": "CharacterPiece",
      "item_rare": "SSR",
      "corporation": "ELYSION",
      "class": "Attacker",
      "use_type": "None",
      "use_id": 0,
      "use_value": 0,
      "use_limit_count": false,
      "stack_max": 9999999
    },
    {
      "id": 5100351,
      "name_localkey": "Locale_Item:piece_351",
      "description_localkey": "Locale_Item:piece",
      "resource_id": 351,
      "item_type": "Piece",
      "item_sub_type": "CharacterPiece",
      "item_rare": "SR",
      "corporation": "ELYSION",
      "class": "Attacker",
      "use_type": "None",
      "use_id": 0,
      "use_value": 0,
      "use_limit_count": false,
      "stack_max": 9999999
    },
    {
      "id": 5100015,
      "name_localkey": "Locale_Item:piece_15",
      "description_localkey": "Locale_Item:piece",
      "resource_id": 15,
      "item_type": "Piece",
      "item_sub_type": "CharacterPiece",
      "item_rare": "SSR",
      "corporation": "TETRA",
      "class": "Attacker",
      "use_type": "None",
      "use_id": 0,
      "use_value": 0,
      "use_limit_count": false,
      "stack_max": 9999999
    },
    {
      "id": 5100353,
      "name_localkey": "Locale_Item:piece_353",
      "description_localkey": "Locale_Item:piece",
      "resource_id": 353,
      "item_type": "Piece",
      "item_sub_type": "CharacterPiece",
      "item_rare": "SSR",
      "corporation": "ELYSION",
      "class": "Attacker",
      "use_type": "None",
      "use_id": 0,
      "use_value": 0,
      "use_limit_count": false,
      "stack_max": 9999999
    },
    {
      "id": 5100810,
      "name_localkey": "Locale_Item:piece_810",
      "description_localkey": "Locale_Item:piece",
      "resource_id": 810,
      "item_type": "Piece",
      "item_sub_type": "CharacterPiece",
      "item_rare": "SSR",
      "corporation": "ABNORMAL",
      "class": "Attacker",
      "use_type": "None",
      "use_id": 0,
      "use_value": 0,
      "use_limit_count": false,
      "stack_max": 9999999
    },
    {
      "id": 5100811,
      "name_localkey": "Locale_Item:piece_811",
      "description_localkey": "Locale_Item:piece",
      "resource_id": 811,
      "item_type": "Piece",
      "item_sub_type": "CharacterPiece",
      "item_rare": "SSR",
      "corporation": "ABNORMAL",
      "class": "Attacker",
      "use_type": "None",
      "use_id": 0,
      "use_value": 0,
      "use_limit_count": false,
      "stack_max": 9999999
    },
    {
      "id": 5100812,
      "name_localkey": "Locale_Item:piece_812",
      "description_localkey": "Locale_Item:piece",
      "resource_id": 812,
      "item_type": "Piece",
      "item_sub_type": "CharacterPiece",
      "item_rare": "SR",
      "corporation": "ABNORMAL",
      "class": "Attacker",
      "use_type": "None",
      "use_id": 0,
      "use_value": 0,
      "use_limit_count": false,
      "stack_max": 9999999
    },
    {
      "id": 5100450,
      "name_localkey": "Locale_Item:piece_450",
      "description_localkey": "Locale_Item:piece",
      "resource_id": 450,
      "item_type": "Piece",
      "item_sub_type": "CharacterPiece",
      "item_rare": "SSR",
      "corporation": "MISSILIS",
      "class": "Attacker",
      "use_type": "None",
      "use_id": 0,
      "use_value": 0,
      "use_limit_count": false,
      "stack_max": 9999999
    },
    {
      "id": 5100451,
      "name_localkey": "Locale_Item:piece_451",
      "description_localkey": "Locale_Item:piece",
      "resource_id": 451,
      "item_type": "Piece",
      "item_sub_type": "CharacterPiece",
      "item_rare": "SSR",
      "corporation": "MISSILIS",
      "class": "Attacker",
      "use_type": "None",
      "use_id": 0,
      "use_value": 0,
      "use_limit_count": false,
      "stack_max": 9999999
    },
    {
      "id": 5100321,
      "name_localkey": "Locale_Item:piece_232101",
      "description_localkey": "Locale_Item:piece",
      "resource_id": 321,
      "item_type": "Piece",
      "item_sub_type": "CharacterPiece",
      "item_rare": "SSR",
      "corporation": "ELYSION",
      "class": "Attacker",
      "use_type": "None",
      "use_id": 0,
      "use_value": 0,
      "use_limit_count": false,
      "stack_max": 9999999
    },
    {
      "id": 5100033,
      "name_localkey": "Locale_Item:piece_33",
      "description_localkey": "Locale_Item:piece",
      "resource_id": 33,
      "item_type": "Piece",
      "item_sub_type": "CharacterPiece",
      "item_rare": "SSR",
      "corporation": "ELYSION",
      "class": "Attacker",
      "use_type": "None",
      "use_id": 0,
      "use_value": 0,
      "use_limit_count": false,
      "stack_max": 9999999
    },
    {
      "id": 5100470,
      "name_localkey": "Locale_Item:piece_470",
      "description_localkey": "Locale_Item:piece",
      "resource_id": 470,
      "item_type": "Piece",
      "item_sub_type": "CharacterPiece",
      "item_rare": "SSR",
      "corporation": "PILGRIM",
      "corporation_sub_type": "OVERSPEC",
      "class": "Attacker",
      "use_type": "None",
      "use_id": 0,
      "use_value": 0,
      "use_limit_count": false,
      "stack_max": 9999999
    },
    {
      "id": 5100224,
      "name_localkey": "Locale_Item:piece_224",
      "description_localkey": "Locale_Item:piece",
      "resource_id": 224,
      "item_type": "Piece",
      "item_sub_type": "CharacterPiece",
      "item_rare": "SSR",
      "corporation": "PILGRIM",
      "corporation_sub_type": "OVERSPEC",
      "class": "Attacker",
      "use_type": "None",
      "use_id": 0,
      "use_value": 0,
      "use_limit_count": false,
      "stack_max": 9999999
    },
    {
      "id": 5100192,
      "name_localkey": "Locale_Item:piece_192",
      "description_localkey": "Locale_Item:piece",
      "resource_id": 192,
      "item_type": "Piece",
      "item_sub_type": "CharacterPiece",
      "item_rare": "SSR",
      "corporation": "MISSILIS",
      "class": "Attacker",
      "use_type": "None",
      "use_id": 0,
      "use_value": 0,
      "use_limit_count": false,
      "stack_max": 9999999
    },
    {
      "id": 5100194,
      "name_localkey": "Locale_Item:piece_194",
      "description_localkey": "Locale_Item:piece",
      "resource_id": 194,
      "item_type": "Piece",
      "item_sub_type": "CharacterPiece",
      "item_rare": "SSR",
      "corporation": "TETRA",
      "class": "Attacker",
      "use_type": "None",
      "use_id": 0,
      "use_value": 0,
      "use_limit_count": false,
      "stack_max": 9999999
    },
    {
      "id": 5100062,
      "name_localkey": "Locale_Item:piece_62",
      "description_localkey": "Locale_Item:piece",
      "resource_id": 62,
      "item_type": "Piece",
      "item_sub_type": "CharacterPiece",
      "item_rare": "SSR",
      "corporation": "TETRA",
      "class": "Attacker",
      "use_type": "None",
      "use_id": 0,
      "use_value": 0,
      "use_limit_count": false,
      "stack_max": 9999999
    },
    {
      "id": 5100225,
      "name_localkey": "Locale_Item:piece_225",
      "description_localkey": "Locale_Item:piece",
      "resource_id": 225,
      "item_type": "Piece",
      "item_sub_type": "CharacterPiece",
      "item_rare": "SSR",
      "corporation": "PILGRIM",
      "corporation_sub_type": "OVERSPEC",
      "class": "Attacker",
      "use_type": "None",
      "use_id": 0,
      "use_value": 0,
      "use_limit_count": false,
      "stack_max": 9999999
    },
    {
      "id": 5100382,
      "name_localkey": "Locale_Item:piece_382",
      "description_localkey": "Locale_Item:piece",
      "resource_id": 382,
      "item_type": "Piece",
      "item_sub_type": "CharacterPiece",
      "item_rare": "SSR",
      "corporation": "TETRA",
      "class": "Attacker",
      "use_type": "None",
      "use_id": 0,
      "use_value": 0,
      "use_limit_count": false,
      "stack_max": 9999999
    },
    {
      "id": 5100281,
      "name_localkey": "Locale_Item:piece_50281",
      "description_localkey": "Locale_Item:piece",
      "resource_id": 281,
      "item_type": "Piece",
      "item_sub_type": "CharacterPiece",
      "item_rare": "SSR",
      "corporation": "TETRA",
      "class": "Defender",
      "use_type": "None",
      "use_id": 0,
      "use_value": 0,
      "use_limit_count": false,
      "stack_max": 9999999
    },
    {
      "id": 5100310,
      "name_localkey": "Locale_Item:piece_331001",
      "description_localkey": "Locale_Item:piece",
      "resource_id": 310,
      "item_type": "Piece",
      "item_sub_type": "CharacterPiece",
      "item_rare": "SSR",
      "corporation": "TETRA",
      "class": "Attacker",
      "use_type": "None",
      "use_id": 0,
      "use_value": 0,
      "use_limit_count": false,
      "stack_max": 9999999
    },
    {
      "id": 5100313,
      "name_localkey": "Locale_Item:piece_313",
      "description_localkey": "Locale_Item:piece",
      "resource_id": 313,
      "item_type": "Piece",
      "item_sub_type": "CharacterPiece",
      "item_rare": "SSR",
      "corporation": "ELYSION",
      "class": "Attacker",
      "use_type": "None",
      "use_id": 0,
      "use_value": 0,
      "use_limit_count": false,
      "stack_max": 9999999
    },
    {
      "id": 5100500,
      "name_localkey": "Locale_Item:piece_500",
      "description_localkey": "Locale_Item:piece",
      "resource_id": 500,
      "item_type": "Piece",
      "item_sub_type": "CharacterPiece",
      "item_rare": "SSR",
      "corporation": "MISSILIS",
      "class": "Attacker",
      "use_type": "None",
      "use_id": 0,
      "use_value": 0,
      "use_limit_count": false,
      "stack_max": 9999999
    },
    {
      "id": 5100820,
      "name_localkey": "Locale_Item:piece_820",
      "description_localkey": "Locale_Item:piece",
      "resource_id": 820,
      "item_type": "Piece",
      "item_sub_type": "CharacterPiece",
      "item_rare": "SSR",
      "corporation": "ABNORMAL",
      "class": "Attacker",
      "use_type": "None",
      "use_id": 0,
      "use_value": 0,
      "use_limit_count": false,
      "stack_max": 9999999
    },
    {
      "id": 5100821,
      "name_localkey": "Locale_Item:piece_821",
      "description_localkey": "Locale_Item:piece",
      "resource_id": 821,
      "item_type": "Piece",
      "item_sub_type": "CharacterPiece",
      "item_rare": "SSR",
      "corporation": "ABNORMAL",
      "class": "Attacker",
      "use_type": "None",
      "use_id": 0,
      "use_value": 0,
      "use_limit_count": false,
      "stack_max": 9999999
    },
    {
      "id": 5100822,
      "name_localkey": "Locale_Item:piece_822",
      "description_localkey": "Locale_Item:piece",
      "resource_id": 822,
      "item_type": "Piece",
      "item_sub_type": "CharacterPiece",
      "item_rare": "SR",
      "corporation": "ABNORMAL",
      "class": "Attacker",
      "use_type": "None",
      "use_id": 0,
      "use_value": 0,
      "use_limit_count": false,
      "stack_max": 9999999
    },
    {
      "id": 5100043,
      "name_localkey": "Locale_Item:piece_43",
      "description_localkey": "Locale_Item:piece",
      "resource_id": 43,
      "item_type": "Piece",
      "item_sub_type": "CharacterPiece",
      "item_rare": "SSR",
      "corporation": "ELYSION",
      "class": "Attacker",
      "use_type": "None",
      "use_id": 0,
      "use_value": 0,
      "use_limit_count": false,
      "stack_max": 9999999
    },
    {
      "id": 5100550,
      "name_localkey": "Locale_Item:piece_550",
      "description_localkey": "Locale_Item:piece",
      "resource_id": 550,
      "item_type": "Piece",
      "item_sub_type": "CharacterPiece",
      "item_rare": "SSR",
      "corporation": "TETRA",
      "class": "Attacker",
      "use_type": "None",
      "use_id": 0,
      "use_value": 0,
      "use_limit_count": false,
      "stack_max": 9999999
    },
    {
      "id": 5100330,
      "name_localkey": "Locale_Item:piece_330",
      "description_localkey": "Locale_Item:piece",
      "resource_id": 330,
      "item_type": "Piece",
      "item_sub_type": "CharacterPiece",
      "item_rare": "SSR",
      "corporation": "PILGRIM",
      "corporation_sub_type": "OVERSPEC",
      "class": "Attacker",
      "use_type": "None",
      "use_id": 0,
      "use_value": 0,
      "use_limit_count": false,
      "stack_max": 9999999
    },
    {
      "id": 5100361,
      "name_localkey": "Locale_Item:piece_361",
      "description_localkey": "Locale_Item:piece",
      "resource_id": 361,
      "item_type": "Piece",
      "item_sub_type": "CharacterPiece",
      "item_rare": "SSR",
      "corporation": "MISSILIS",
      "class": "Attacker",
      "use_type": "None",
      "use_id": 0,
      "use_value": 0,
      "use_limit_count": false,
      "stack_max": 9999999
    },
    {
      "id": 5100501,
      "name_localkey": "Locale_Item:piece_501",
      "description_localkey": "Locale_Item:piece",
      "resource_id": 501,
      "item_type": "Piece",
      "item_sub_type": "CharacterPiece",
      "item_rare": "SSR",
      "corporation": "MISSILIS",
      "class": "Attacker",
      "use_type": "None",
      "use_id": 0,
      "use_value": 0,
      "use_limit_count": false,
      "stack_max": 9999999
    },
    {
      "id": 5100314,
      "name_localkey": "Locale_Item:piece_314",
      "description_localkey": "Locale_Item:piece",
      "resource_id": 314,
      "item_type": "Piece",
      "item_sub_type": "CharacterPiece",
      "item_rare": "SSR",
      "corporation": "TETRA",
      "class": "Attacker",
      "use_type": "None",
      "use_id": 0,
      "use_value": 0,
      "use_limit_count": false,
      "stack_max": 9999999
    },
    {
      "id": 5100195,
      "name_localkey": "Locale_Item:piece_195",
      "description_localkey": "Locale_Item:piece",
      "resource_id": 195,
      "item_type": "Piece",
      "item_sub_type": "CharacterPiece",
      "item_rare": "SSR",
      "corporation": "TETRA",
      "class": "Attacker",
      "use_type": "None",
      "use_id": 0,
      "use_value": 0,
      "use_limit_count": false,
      "stack_max": 9999999
    },
    {
      "id": 5100551,
      "name_localkey": "Locale_Item:piece_551",
      "description_localkey": "Locale_Item:piece",
      "resource_id": 551,
      "item_type": "Piece",
      "item_sub_type": "CharacterPiece",
      "item_rare": "SSR",
      "corporation": "TETRA",
      "class": "Attacker",
      "use_type": "None",
      "use_id": 0,
      "use_value": 0,
      "use_limit_count": false,
      "stack_max": 9999999
    },
    {
      "id": 5100283,
      "name_localkey": "Locale_Item:piece_283",
      "description_localkey": "Locale_Item:piece",
      "resource_id": 283,
      "item_type": "Piece",
      "item_sub_type": "CharacterPiece",
      "item_rare": "SSR",
      "corporation": "TETRA",
      "class": "Attacker",
      "use_type": "None",
      "use_id": 0,
      "use_value": 0,
      "use_limit_count": false,
      "stack_max": 9999999
    },
    {
      "id": 5100284,
      "name_localkey": "Locale_Item:piece_284",
      "description_localkey": "Locale_Item:piece",
      "resource_id": 284,
      "item_type": "Piece",
      "item_sub_type": "CharacterPiece",
      "item_rare": "SSR",
      "corporation": "TETRA",
      "class": "Attacker",
      "use_type": "None",
      "use_id": 0,
      "use_value": 0,
      "use_limit_count": false,
      "stack_max": 9999999
    },
    {
      "id": 5100391,
      "name_localkey": "Locale_Item:piece_391",
      "description_localkey": "Locale_Item:piece",
      "resource_id": 391,
      "item_type": "Piece",
      "item_sub_type": "CharacterPiece",
      "item_rare": "SSR",
      "corporation": "MISSILIS",
      "class": "Attacker",
      "use_type": "None",
      "use_id": 0,
      "use_value": 0,
      "use_limit_count": false,
      "stack_max": 9999999
    },
    {
      "id": 5100390,
      "name_localkey": "Locale_Item:piece_390",
      "description_localkey": "Locale_Item:piece",
      "resource_id": 390,
      "item_type": "Piece",
      "item_sub_type": "CharacterPiece",
      "item_rare": "SSR",
      "corporation": "ELYSION",
      "class": "Attacker",
      "use_type": "None",
      "use_id": 0,
      "use_value": 0,
      "use_limit_count": false,
      "stack_max": 9999999
    },
    {
      "id": 5100830,
      "name_localkey": "Locale_Item:piece_830",
      "description_localkey": "Locale_Item:piece",
      "resource_id": 830,
      "item_type": "Piece",
      "item_sub_type": "CharacterPiece",
      "item_rare": "SSR",
      "corporation": "ABNORMAL",
      "class": "Attacker",
      "use_type": "None",
      "use_id": 0,
      "use_value": 0,
      "use_limit_count": false,
      "stack_max": 9999999
    },
    {
      "id": 5100831,
      "name_localkey": "Locale_Item:piece_831",
      "description_localkey": "Locale_Item:piece",
      "resource_id": 831,
      "item_type": "Piece",
      "item_sub_type": "CharacterPiece",
      "item_rare": "SSR",
      "corporation": "ABNORMAL",
      "class": "Attacker",
      "use_type": "None",
      "use_id": 0,
      "use_value": 0,
      "use_limit_count": false,
      "stack_max": 9999999
    },
    {
      "id": 5100832,
      "name_localkey": "Locale_Item:piece_832",
      "description_localkey": "Locale_Item:piece",
      "resource_id": 832,
      "item_type": "Piece",
      "item_sub_type": "CharacterPiece",
      "item_rare": "SSR",
      "corporation": "ABNORMAL",
      "class": "Attacker",
      "use_type": "None",
      "use_id": 0,
      "use_value": 0,
      "use_limit_count": false,
      "stack_max": 9999999
    },
    {
      "id": 5100833,
      "name_localkey": "Locale_Item:piece_833",
      "description_localkey": "Locale_Item:piece",
      "resource_id": 833,
      "item_type": "Piece",
      "item_sub_type": "CharacterPiece",
      "item_rare": "SR",
      "corporation": "ABNORMAL",
      "class": "Attacker",
      "use_type": "None",
      "use_id": 0,
      "use_value": 0,
      "use_limit_count": false,
      "stack_max": 9999999
    },
    {
      "id": 5100272,
      "name_localkey": "Locale_Item:piece_272",
      "description_localkey": "Locale_Item:piece",
      "resource_id": 272,
      "item_type": "Piece",
      "item_sub_type": "CharacterPiece",
      "item_rare": "SSR",
      "corporation": "TETRA",
      "class": "Attacker",
      "use_type": "None",
      "use_id": 0,
      "use_value": 0,
      "use_limit_count": false,
      "stack_max": 9999999
    },
    {
      "id": 5100403,
      "name_localkey": "Locale_Item:piece_403",
      "description_localkey": "Locale_Item:piece",
      "resource_id": 403,
      "item_type": "Piece",
      "item_sub_type": "CharacterPiece",
      "item_rare": "SSR",
      "corporation": "MISSILIS",
      "class": "Attacker",
      "use_type": "None",
      "use_id": 0,
      "use_value": 0,
      "use_limit_count": false,
      "stack_max": 9999999
    },
    {
      "id": 5100580,
      "name_localkey": "Locale_Item:piece_580",
      "description_localkey": "Locale_Item:piece",
      "resource_id": 580,
      "item_type": "Piece",
      "item_sub_type": "CharacterPiece",
      "item_rare": "SSR",
      "corporation": "ELYSION",
      "class": "Attacker",
      "use_type": "None",
      "use_id": 0,
      "use_value": 0,
      "use_limit_count": false,
      "stack_max": 9999999
    },
    {
      "id": 5100240,
      "name_localkey": "Locale_Item:piece_50240",
      "description_localkey": "Locale_Item:piece",
      "resource_id": 240,
      "item_type": "Piece",
      "item_sub_type": "CharacterPiece",
      "item_rare": "SSR",
      "corporation": "TETRA",
      "class": "Supporter",
      "use_type": "None",
      "use_id": 0,
      "use_value": 0,
      "use_limit_count": false,
      "stack_max": 9999999
    },
    {
      "id": 5100226,
      "name_localkey": "Locale_Item:piece_226",
      "description_localkey": "Locale_Item:piece",
      "resource_id": 226,
      "item_type": "Piece",
      "item_sub_type": "CharacterPiece",
      "item_rare": "SSR",
      "corporation": "PILGRIM",
      "corporation_sub_type": "OVERSPEC",
      "class": "Attacker",
      "use_type": "None",
      "use_id": 0,
      "use_value": 0,
      "use_limit_count": false,
      "stack_max": 9999999
    },
    {
      "id": 5100511,
      "name_localkey": "Locale_Item:piece_511",
      "description_localkey": "Locale_Item:piece",
      "resource_id": 511,
      "item_type": "Piece",
      "item_sub_type": "CharacterPiece",
      "item_rare": "SSR",
      "corporation": "PILGRIM",
      "corporation_sub_type": "OVERSPEC",
      "class": "Attacker",
      "use_type": "None",
      "use_id": 0,
      "use_value": 0,
      "use_limit_count": false,
      "stack_max": 9999999
    },
    {
      "id": 5100514,
      "name_localkey": "Locale_Item:piece_514",
      "description_localkey": "Locale_Item:piece",
      "resource_id": 514,
      "item_type": "Piece",
      "item_sub_type": "CharacterPiece",
      "item_rare": "SSR",
      "corporation": "PILGRIM",
      "corporation_sub_type": "OVERSPEC",
      "class": "Attacker",
      "use_type": "None",
      "use_id": 0,
      "use_value": 0,
      "use_limit_count": false,
      "stack_max": 9999999
    },
    {
      "id": 5100411,
      "name_localkey": "Locale_Item:piece_411",
      "description_localkey": "Locale_Item:piece",
      "resource_id": 411,
      "item_type": "Piece",
      "item_sub_type": "CharacterPiece",
      "item_rare": "SSR",
      "corporation": "MISSILIS",
      "class": "Attacker",
      "use_type": "None",
      "use_id": 0,
      "use_value": 0,
      "use_limit_count": false,
      "stack_max": 9999999
    },
    {
      "id": 5100183,
      "name_localkey": "Locale_Item:piece_183",
      "description_localkey": "Locale_Item:piece",
      "resource_id": 183,
      "item_type": "Piece",
      "item_sub_type": "CharacterPiece",
      "item_rare": "SSR",
      "corporation": "ELYSION",
      "class": "Attacker",
      "use_type": "None",
      "use_id": 0,
      "use_value": 0,
      "use_limit_count": false,
      "stack_max": 9999999
    },
    {
      "id": 5100182,
      "name_localkey": "Locale_Item:piece_182",
      "description_localkey": "Locale_Item:piece",
      "resource_id": 182,
      "item_type": "Piece",
      "item_sub_type": "CharacterPiece",
      "item_rare": "SSR",
      "corporation": "ELYSION",
      "class": "Attacker",
      "use_type": "None",
      "use_id": 0,
      "use_value": 0,
      "use_limit_count": false,
      "stack_max": 9999999
    },
    {
      "id": 5100016,
      "name_localkey": "Locale_Item:piece_16",
      "description_localkey": "Locale_Item:piece",
      "resource_id": 16,
      "item_type": "Piece",
      "item_sub_type": "CharacterPiece",
      "item_rare": "SSR",
      "corporation": "ELYSION",
      "corporation_sub_type": "OVERSPEC",
      "class": "Attacker",
      "use_type": "None",
      "use_id": 0,
      "use_value": 0,
      "use_limit_count": false,
      "stack_max": 9999999
    },
    {
      "id": 5100290,
      "name_localkey": "Locale_Item:piece_50290",
      "description_localkey": "Locale_Item:piece",
      "resource_id": 290,
      "item_type": "Piece",
      "item_sub_type": "CharacterPiece",
      "item_rare": "SSR",
      "corporation": "MISSILIS",
      "class": "Supporter",
      "use_type": "None",
      "use_id": 0,
      "use_value": 0,
      "use_limit_count": false,
      "stack_max": 9999999
    },
    {
      "id": 5100354,
      "name_localkey": "Locale_Item:piece_354",
      "description_localkey": "Locale_Item:piece",
      "resource_id": 354,
      "item_type": "Piece",
      "item_sub_type": "CharacterPiece",
      "item_rare": "SSR",
      "corporation": "ELYSION",
      "class": "Attacker",
      "use_type": "None",
      "use_id": 0,
      "use_value": 0,
      "use_limit_count": false,
      "stack_max": 9999999
    },
    {
      "id": 5100355,
      "name_localkey": "Locale_Item:piece_355",
      "description_localkey": "Locale_Item:piece",
      "resource_id": 355,
      "item_type": "Piece",
      "item_sub_type": "CharacterPiece",
      "item_rare": "SSR",
      "corporation": "ELYSION",
      "class": "Attacker",
      "use_type": "None",
      "use_id": 0,
      "use_value": 0,
      "use_limit_count": false,
      "stack_max": 9999999
    },
    {
      "id": 5100834,
      "name_localkey": "Locale_Item:piece_834",
      "description_localkey": "Locale_Item:piece",
      "resource_id": 834,
      "item_type": "Piece",
      "item_sub_type": "CharacterPiece",
      "item_rare": "SSR",
      "corporation": "ABNORMAL",
      "class": "Attacker",
      "use_type": "None",
      "use_id": 0,
      "use_value": 0,
      "use_limit_count": false,
      "stack_max": 9999999
    },
    {
      "id": 5100835,
      "name_localkey": "Locale_Item:piece_835",
      "description_localkey": "Locale_Item:piece",
      "resource_id": 835,
      "item_type": "Piece",
      "item_sub_type": "CharacterPiece",
      "item_rare": "SSR",
      "corporation": "ABNORMAL",
      "class": "Attacker",
      "use_type": "None",
      "use_id": 0,
      "use_value": 0,
      "use_limit_count": false,
      "stack_max": 9999999
    },
    {
      "id": 5100836,
      "name_localkey": "Locale_Item:piece_836",
      "description_localkey": "Locale_Item:piece",
      "resource_id": 836,
      "item_type": "Piece",
      "item_sub_type": "CharacterPiece",
      "item_rare": "SR",
      "corporation": "ABNORMAL",
      "class": "Attacker",
      "use_type": "None",
      "use_id": 0,
      "use_value": 0,
      "use_limit_count": false,
      "stack_max": 9999999
    },
    {
      "id": 5100412,
      "name_localkey": "Locale_Item:piece_412",
      "description_localkey": "Locale_Item:piece",
      "resource_id": 412,
      "item_type": "Piece",
      "item_sub_type": "CharacterPiece",
      "item_rare": "SSR",
      "corporation": "MISSILIS",
      "class": "Attacker",
      "use_type": "None",
      "use_id": 0,
      "use_value": 0,
      "use_limit_count": false,
      "stack_max": 9999999
    },
    {
      "id": 5100520,
      "name_localkey": "Locale_Item:piece_520",
      "description_localkey": "Locale_Item:piece",
      "resource_id": 520,
      "item_type": "Piece",
      "item_sub_type": "CharacterPiece",
      "item_rare": "SSR",
      "corporation": "TETRA",
      "class": "Attacker",
      "use_type": "None",
      "use_id": 0,
      "use_value": 0,
      "use_limit_count": false,
      "stack_max": 9999999
    },
    {
      "id": 5100521,
      "name_localkey": "Locale_Item:piece_521",
      "description_localkey": "Locale_Item:piece",
      "resource_id": 521,
      "item_type": "Piece",
      "item_sub_type": "CharacterPiece",
      "item_rare": "SSR",
      "corporation": "TETRA",
      "class": "Attacker",
      "use_type": "None",
      "use_id": 0,
      "use_value": 0,
      "use_limit_count": false,
      "stack_max": 9999999
    },
    {
      "id": 5100513,
      "name_localkey": "Locale_Item:piece_513",
      "description_localkey": "Locale_Item:piece",
      "resource_id": 513,
      "item_type": "Piece",
      "item_sub_type": "CharacterPiece",
      "item_rare": "SSR",
      "corporation": "PILGRIM",
      "corporation_sub_type": "OVERSPEC",
      "class": "Attacker",
      "use_type": "None",
      "use_id": 0,
      "use_value": 0,
      "use_limit_count": false,
      "stack_max": 9999999
    },
    {
      "id": 5100162,
      "name_localkey": "Locale_Item:piece_162",
      "description_localkey": "Locale_Item:piece",
      "resource_id": 162,
      "item_type": "Piece",
      "item_sub_type": "CharacterPiece",
      "item_rare": "SSR",
      "corporation": "MISSILIS",
      "corporation_sub_type": "OVERSPEC",
      "class": "Attacker",
      "use_type": "None",
      "use_id": 0,
      "use_value": 0,
      "use_limit_count": false,
      "stack_max": 9999999
    },
    {
      "id": 5100590,
      "name_localkey": "Locale_Item:piece_590",
      "description_localkey": "Locale_Item:piece",
      "resource_id": 590,
      "item_type": "Piece",
      "item_sub_type": "CharacterPiece",
      "item_rare": "SSR",
      "corporation": "MISSILIS",
      "class": "Attacker",
      "use_type": "None",
      "use_id": 0,
      "use_value": 0,
      "use_limit_count": false,
      "stack_max": 9999999
    },
    {
      "id": 5100581,
      "name_localkey": "Locale_Item:piece_581",
      "description_localkey": "Locale_Item:piece",
      "resource_id": 581,
      "item_type": "Piece",
      "item_sub_type": "CharacterPiece",
      "item_rare": "SSR",
      "corporation": "ELYSION",
      "class": "Attacker",
      "use_type": "None",
      "use_id": 0,
      "use_value": 0,
      "use_limit_count": false,
      "stack_max": 9999999
    },
    {
      "id": 5100041,
      "name_localkey": "Locale_Item:piece_41",
      "description_localkey": "Locale_Item:piece",
      "resource_id": 41,
      "item_type": "Piece",
      "item_sub_type": "CharacterPiece",
      "item_rare": "SSR",
      "corporation": "ELYSION",
      "class": "Attacker",
      "use_type": "None",
      "use_id": 0,
      "use_value": 0,
      "use_limit_count": false,
      "stack_max": 9999999
    },
    {
      "id": 5100850,
      "name_localkey": "Locale_Item:piece_850",
      "description_localkey": "Locale_Item:piece",
      "resource_id": 850,
      "item_type": "Piece",
      "item_sub_type": "CharacterPiece",
      "item_rare": "SSR",
      "corporation": "ABNORMAL",
      "class": "Attacker",
      "use_type": "None",
      "use_id": 0,
      "use_value": 0,
      "use_limit_count": false,
      "stack_max": 9999999
    },
    {
      "id": 5100851,
      "name_localkey": "Locale_Item:piece_851",
      "description_localkey": "Locale_Item:piece",
      "resource_id": 851,
      "item_type": "Piece",
      "item_sub_type": "CharacterPiece",
      "item_rare": "SSR",
      "corporation": "ABNORMAL",
      "class": "Attacker",
      "use_type": "None",
      "use_id": 0,
      "use_value": 0,
      "use_limit_count": false,
      "stack_max": 9999999
    },
    {
      "id": 5100852,
      "name_localkey": "Locale_Item:piece_852",
      "description_localkey": "Locale_Item:piece",
      "resource_id": 852,
      "item_type": "Piece",
      "item_sub_type": "CharacterPiece",
      "item_rare": "SR",
      "corporation": "ABNORMAL",
      "class": "Attacker",
      "use_type": "None",
      "use_id": 0,
      "use_value": 0,
      "use_limit_count": false,
      "stack_max": 9999999
    },
    {
      "id": 5100532,
      "name_localkey": "Locale_Item:piece_532",
      "description_localkey": "Locale_Item:piece",
      "resource_id": 532,
      "item_type": "Piece",
      "item_sub_type": "CharacterPiece",
      "item_rare": "SSR",
      "corporation": "ELYSION",
      "class": "Attacker",
      "use_type": "None",
      "use_id": 0,
      "use_value": 0,
      "use_limit_count": false,
      "stack_max": 9999999
    },
    {
      "id": 5100234,
      "name_localkey": "Locale_Item:piece_234",
      "description_localkey": "Locale_Item:piece",
      "resource_id": 234,
      "item_type": "Piece",
      "item_sub_type": "CharacterPiece",
      "item_rare": "SSR",
      "corporation": "PILGRIM",
      "corporation_sub_type": "OVERSPEC",
      "class": "Attacker",
      "use_type": "None",
      "use_id": 0,
      "use_value": 0,
      "use_limit_count": false,
      "stack_max": 9999999
    },
    {
      "id": 5100502,
      "name_localkey": "Locale_Item:piece_502",
      "description_localkey": "Locale_Item:piece",
      "resource_id": 502,
      "item_type": "Piece",
      "item_sub_type": "CharacterPiece",
      "item_rare": "SSR",
      "corporation": "MISSILIS",
      "class": "Attacker",
      "use_type": "None",
      "use_id": 0,
      "use_value": 0,
      "use_limit_count": false,
      "stack_max": 9999999
    },
    {
      "id": 5100093,
      "name_localkey": "Locale_Item:piece_93",
      "description_localkey": "Locale_Item:piece",
      "resource_id": 93,
      "item_type": "Piece",
      "item_sub_type": "CharacterPiece",
      "item_rare": "SSR",
      "corporation": "ELYSION",
      "class": "Attacker",
      "use_type": "None",
      "use_id": 0,
      "use_value": 0,
      "use_limit_count": false,
      "stack_max": 9999999
    },
    {
      "id": 5100094,
      "name_localkey": "Locale_Item:piece_94",
      "description_localkey": "Locale_Item:piece",
      "resource_id": 94,
      "item_type": "Piece",
      "item_sub_type": "CharacterPiece",
      "item_rare": "SSR",
      "corporation": "ELYSION",
      "class": "Attacker",
      "use_type": "None",
      "use_id": 0,
      "use_value": 0,
      "use_limit_count": false,
      "stack_max": 9999999
    },
    {
      "id": 5100095,
      "name_localkey": "Locale_Item:piece_95",
      "description_localkey": "Locale_Item:piece",
      "resource_id": 95,
      "item_type": "Piece",
      "item_sub_type": "CharacterPiece",
      "item_rare": "SSR",
      "corporation": "ELYSION",
      "class": "Attacker",
      "use_type": "None",
      "use_id": 0,
      "use_value": 0,
      "use_limit_count": false,
      "stack_max": 9999999
    },
    {
      "id": 5100143,
      "name_localkey": "Locale_Item:piece_143",
      "description_localkey": "Locale_Item:piece",
      "resource_id": 143,
      "item_type": "Piece",
      "item_sub_type": "CharacterPiece",
      "item_rare": "SSR",
      "corporation": "TETRA",
      "class": "Attacker",
      "use_type": "None",
      "use_id": 0,
      "use_value": 0,
      "use_limit_count": false,
      "stack_max": 9999999
    },
    {
      "id": 5100315,
      "name_localkey": "Locale_Item:piece_315",
      "description_localkey": "Locale_Item:piece",
      "resource_id": 315,
      "item_type": "Piece",
      "item_sub_type": "CharacterPiece",
      "item_rare": "SSR",
      "corporation": "TETRA",
      "class": "Attacker",
      "use_type": "None",
      "use_id": 0,
      "use_value": 0,
      "use_limit_count": false,
      "stack_max": 9999999
    },
    {
      "id": 5100840,
      "name_localkey": "Locale_Item:piece_840",
      "description_localkey": "Locale_Item:piece",
      "resource_id": 840,
      "item_type": "Piece",
      "item_sub_type": "CharacterPiece",
      "item_rare": "SSR",
      "corporation": "ABNORMAL",
      "class": "Attacker",
      "use_type": "None",
      "use_id": 0,
      "use_value": 0,
      "use_limit_count": false,
      "stack_max": 9999999
    },
    {
      "id": 5100841,
      "name_localkey": "Locale_Item:piece_841",
      "description_localkey": "Locale_Item:piece",
      "resource_id": 841,
      "item_type": "Piece",
      "item_sub_type": "CharacterPiece",
      "item_rare": "SSR",
      "corporation": "ABNORMAL",
      "class": "Attacker",
      "use_type": "None",
      "use_id": 0,
      "use_value": 0,
      "use_limit_count": false,
      "stack_max": 9999999
    },
    {
      "id": 5100842,
      "name_localkey": "Locale_Item:piece_842",
      "description_localkey": "Locale_Item:piece",
      "resource_id": 842,
      "item_type": "Piece",
      "item_sub_type": "CharacterPiece",
      "item_rare": "SR",
      "corporation": "ABNORMAL",
      "class": "Attacker",
      "use_type": "None",
      "use_id": 0,
      "use_value": 0,
      "use_limit_count": false,
      "stack_max": 9999999
    },
    {
      "id": 5100023,
      "name_localkey": "Locale_Item:piece_23",
      "description_localkey": "Locale_Item:piece",
      "resource_id": 23,
      "item_type": "Piece",
      "item_sub_type": "CharacterPiece",
      "item_rare": "SSR",
      "corporation": "ELYSION",
      "class": "Attacker",
      "use_type": "None",
      "use_id": 0,
      "use_value": 0,
      "use_limit_count": false,
      "stack_max": 9999999
    },
    {
      "id": 5201201,
      "name_localkey": "Locale_Item:piece_58004",
      "description_localkey": "Locale_Item:piece_elysion",
      "resource_id": 58004,
      "item_type": "Piece",
      "item_sub_type": "MaterialPiece",
      "item_rare": "SR",
      "corporation": "ELYSION",
      "class": "None",
      "use_type": "None",
      "use_id": 0,
      "use_value": 0,
      "use_limit_count": false,
      "stack_max": 9999999
    },
    {
      "id": 5202201,
      "name_localkey": "Locale_Item:piece_58005",
      "description_localkey": "Locale_Item:piece_missilis",
      "resource_id": 58005,
      "item_type": "Piece",
      "item_sub_type": "MaterialPiece",
      "item_rare": "SR",
      "corporation": "MISSILIS",
      "class": "None",
      "use_type": "None",
      "use_id": 0,
      "use_value": 0,
      "use_limit_count": false,
      "stack_max": 9999999
    },
    {
      "id": 5203201,
      "name_localkey": "Locale_Item:piece_58006",
      "description_localkey": "Locale_Item:piece_tetra",
      "resource_id": 58006,
      "item_type": "Piece",
      "item_sub_type": "MaterialPiece",
      "item_rare": "SR",
      "corporation": "TETRA",
      "class": "None",
      "use_type": "None",
      "use_id": 0,
      "use_value": 0,
      "use_limit_count": false,
      "stack_max": 9999999
    },
    {
      "id": 5204201,
      "name_localkey": "Locale_Item:piece_58007",
      "description_localkey": "Locale_Item:piece_pilgrim",
      "resource_id": 58007,
      "item_type": "Piece",
      "item_sub_type": "MaterialPiece",
      "item_rare": "SR",
      "corporation": "PILGRIM",
      "class": "None",
      "use_type": "None",
      "use_id": 0,
      "use_value": 0,
      "use_limit_count": false,
      "stack_max": 9999999
    },
    {
      "id": 5205201,
      "name_localkey": "Locale_Item:piece_58008",
      "description_localkey": "Locale_Item:piece_abnormal",
      "resource_id": 58008,
      "item_type": "Piece",
      "item_sub_type": "MaterialPiece",
      "item_rare": "SR",
      "corporation": "ABNORMAL",
      "class": "None",
      "use_type": "None",
      "use_id": 0,
      "use_value": 0,
      "use_limit_count": false,
      "stack_max": 9999999
    },
    {
      "id": 5210201,
      "name_localkey": "Locale_Item:piece_58001",
      "description_localkey": "Locale_Item:piece_attacker",
      "resource_id": 58001,
      "item_type": "Piece",
      "item_sub_type": "MaterialPiece",
      "item_rare": "SR",
      "corporation": "None",
      "class": "Attacker",
      "use_type": "None",
      "use_id": 0,
      "use_value": 0,
      "use_limit_count": false,
      "stack_max": 9999999
    },
    {
      "id": 5220201,
      "name_localkey": "Locale_Item:piece_58002",
      "description_localkey": "Locale_Item:piece_defender",
      "resource_id": 58002,
      "item_type": "Piece",
      "item_sub_type": "MaterialPiece",
      "item_rare": "SR",
      "corporation": "None",
      "class": "Defender",
      "use_type": "None",
      "use_id": 0,
      "use_value": 0,
      "use_limit_count": false,
      "stack_max": 9999999
    },
    {
      "id": 5230201,
      "name_localkey": "Locale_Item:piece_58003",
      "description_localkey": "Locale_Item:piece_supporter",
      "resource_id": 58003,
      "item_type": "Piece",
      "item_sub_type": "MaterialPiece",
      "item_rare": "SR",
      "corporation": "None",
      "class": "Supporter",
      "use_type": "None",
      "use_id": 0,
      "use_value": 0,
      "use_limit_count": false,
      "stack_max": 9999999
    },
    {
      "id": 5310301,
      "name_localkey": "Locale_Item:piece_59002",
      "description_localkey": "Locale_Item:piece_summon_01",
      "resource_id": 59002,
      "item_type": "Piece",
      "item_sub_type": "SummonPiece",
      "item_rare": "SSR",
      "corporation": "None",
      "class": "None",
      "use_type": "SummonRandomCharacter",
      "use_id": 610001,
      "use_value": 50,
      "use_limit_count": true,
      "use_limit_count_value": 10,
      "stack_max": 9999999
    },
    {
      "id": 5310302,
      "name_localkey": "Locale_Item:MaterialName_5310302",
      "description_localkey": "Locale_Item:MaterialDescription_5310302_01",
      "resource_id": 59003,
      "item_type": "Piece",
      "item_sub_type": "SummonPiece",
      "item_rare": "SSR",
      "corporation": "None",
      "class": "None",
      "use_type": "SummonRandomCharacter",
      "use_id": 510001,
      "use_value": 50,
      "use_limit_count": true,
      "use_limit_count_value": 10,
      "stack_max": 9999999
    },
    {
      "id": 5310303,
      "name_localkey": "Locale_Item:MaterialName_5310303",
      "description_localkey": "Locale_Item:MaterialDescription_5310303_01",
      "resource_id": 59004,
      "item_type": "Piece",
      "item_sub_type": "SummonPiece",
      "item_rare": "SSR",
      "corporation": "None",
      "class": "None",
      "use_type": "SummonRandomCharacter",
      "use_id": 520001,
      "use_value": 50,
      "use_limit_count": true,
      "use_limit_count_value": 10,
      "stack_max": 9999999
    },
    {
      "id": 5310304,
      "name_localkey": "Locale_Item:MaterialName_5310304",
      "description_localkey": "Locale_Item:MaterialDescription_5310304_01",
      "resource_id": 59005,
      "item_type": "Piece",
      "item_sub_type": "SummonPiece",
      "item_rare": "SSR",
      "corporation": "None",
      "class": "None",
      "use_type": "SummonRandomCharacter",
      "use_id": 530001,
      "use_value": 50,
      "use_limit_count": true,
      "use_limit_count_value": 10,
      "stack_max": 9999999
    },
    {
      "id": 5310305,
      "name_localkey": "Locale_Item:MaterialName_5310305_01",
      "description_localkey": "Locale_Item:MaterialDescription_5310305_01",
      "resource_id": 59006,
      "item_type": "Piece",
      "item_sub_type": "SummonPiece",
      "item_rare": "SSR",
      "corporation": "None",
      "class": "None",
      "use_type": "SummonRandomCharacter",
      "use_id": 540001,
      "use_value": 50,
      "use_limit_count": true,
      "use_limit_count_value": 10,
      "stack_max": 9999999
    },
    {
      "id": 5310306,
      "name_localkey": "Locale_Item:MaterialName_5310306",
      "description_localkey": "Locale_Item:MaterialDescription_5310306_01",
      "resource_id": 59007,
      "item_type": "Piece",
      "item_sub_type": "SummonPiece",
      "item_rare": "SSR",
      "corporation": "None",
      "class": "None",
      "use_type": "SummonRandomCharacter",
      "use_id": 150001,
      "use_value": 50,
      "use_limit_count": true,
      "use_limit_count_value": 10,
      "stack_max": 9999999
    },
    {
      "id": 5310307,
      "name_localkey": "Locale_Item:MaterialName_5310307_01",
      "description_localkey": "Locale_Item:MaterialDescription_5310307_01",
      "resource_id": 59008,
      "item_type": "Piece",
      "item_sub_type": "SummonPiece",
      "item_rare": "SSR",
      "corporation": "None",
      "class": "None",
      "use_type": "SummonRandomCharacter",
      "use_id": 550101,
      "use_value": 50,
      "use_limit_count": true,
      "use_limit_count_value": 10,
      "stack_max": 9999999
    },
    {
      "id": 5310308,
      "name_localkey": "Locale_Item:MaterialName_5310308_01",
      "description_localkey": "Locale_Item:MaterialDescription_5310308_01",
      "resource_id": 59009,
      "item_type": "Piece",
      "item_sub_type": "SummonPiece",
      "item_rare": "SSR",
      "corporation": "None",
      "class": "None",
      "use_type": "SummonRandomCharacter",
      "use_id": 550201,
      "use_value": 50,
      "use_limit_count": true,
      "use_limit_count_value": 10,
      "stack_max": 9999999
    },
    {
      "id": 5310309,
      "name_localkey": "Locale_Item:MaterialName_5310309_01",
      "description_localkey": "Locale_Item:MaterialDescription_5310309_01",
      "resource_id": 59010,
      "item_type": "Piece",
      "item_sub_type": "SummonPiece",
      "item_rare": "SSR",
      "corporation": "None",
      "class": "None",
      "use_type": "SummonRandomCharacter",
      "use_id": 550301,
      "use_value": 50,
      "use_limit_count": true,
      "use_limit_count_value": 10,
      "stack_max": 9999999
    },
    {
      "id": 5310310,
      "name_localkey": "Locale_Item:piece_59011",
      "description_localkey": "Locale_Item:piece_59011_01",
      "resource_id": 59011,
      "item_type": "Piece",
      "item_sub_type": "SummonPiece",
      "item_rare": "SSR",
      "corporation": "None",
      "class": "None",
      "use_type": "SummonRandomCharacter",
      "use_id": 630001,
      "use_value": 50,
      "use_limit_count": true,
      "use_limit_count_value": 10,
      "stack_max": 9999999
    },
    {
      "id": 5310311,
      "name_localkey": "Locale_Item:piece_59012",
      "description_localkey": "Locale_Item:piece_59012_01",
      "resource_id": 59012,
      "item_type": "Piece",
      "item_sub_type": "SummonPiece",
      "item_rare": "SSR",
      "corporation": "None",
      "class": "None",
      "use_type": "SummonRandomCharacter",
      "use_id": 560101,
      "use_value": 50,
      "use_limit_count": true,
      "use_limit_count_value": 10,
      "stack_max": 9999999
    },
    {
      "id": 5310312,
      "name_localkey": "Locale_Item:piece_59013",
      "description_localkey": "Locale_Item:piece_59013_01",
      "resource_id": 59013,
      "item_type": "Piece",
      "item_sub_type": "SummonPiece",
      "item_rare": "SSR",
      "corporation": "None",
      "class": "None",
      "use_type": "SummonRandomCharacter",
      "use_id": 560201,
      "use_value": 50,
      "use_limit_count": true,
      "use_limit_count_value": 10,
      "stack_max": 9999999
    },
    {
      "id": 5310313,
      "name_localkey": "Locale_Item:piece_59014",
      "description_localkey": "Locale_Item:piece_59014_01",
      "resource_id": 59014,
      "item_type": "Piece",
      "item_sub_type": "SummonPiece",
      "item_rare": "SSR",
      "corporation": "None",
      "class": "None",
      "use_type": "SummonRandomCharacter",
      "use_id": 560301,
      "use_value": 50,
      "use_limit_count": true,
      "use_limit_count_value": 10,
      "stack_max": 9999999
    },
    {
      "id": 5310314,
      "name_localkey": "Locale_Item:piece_59015",
      "description_localkey": "Locale_Item:piece_59015_01",
      "resource_id": 59015,
      "item_type": "Piece",
      "item_sub_type": "SummonPiece",
      "item_rare": "SSR",
      "corporation": "None",
      "class": "None",
      "use_type": "SummonRandomCharacter",
      "use_id": 560401,
      "use_value": 50,
      "use_limit_count": true,
      "use_limit_count_value": 10,
      "stack_max": 9999999
    },
    {
      "id": 5330201,
      "name_localkey": "Locale_Item:piece_59001",
      "description_localkey": "Locale_Item:piece_summon_01",
      "resource_id": 59001,
      "item_type": "Piece",
      "item_sub_type": "SummonPiece",
      "item_rare": "SR",
      "corporation": "None",
      "class": "None",
      "use_type": "SummonRandomCharacter",
      "use_id": 620001,
      "use_value": 50,
      "use_limit_count": true,
      "use_limit_count_value": 10,
      "stack_max": 9999999
    },
    {
      "id": 5359001,
      "name_localkey": "Locale_Item:use_limit_test_SR_Piece",
      "description_localkey": "Locale_Item:use_limit_test_SR_Piece_desc",
      "resource_id": 59001,
      "item_type": "Piece",
      "item_sub_type": "SummonPiece",
      "item_rare": "SR",
      "corporation": "None",
      "class": "None",
      "use_type": "SummonRandomCharacter",
      "use_id": 620001,
      "use_value": 51,
      "use_limit_count": true,
      "use_limit_count_value": 9,
      "stack_max": 9999999
    },
    {
      "id": 5460352,
      "name_localkey": "Locale_Item:MaterialName_5460352",
      "description_localkey": "Locale_Item:MaterialDescription_5460352",
      "resource_id": 60352,
      "item_type": "Piece",
      "item_sub_type": "SummonPiece",
      "item_rare": "SSR",
      "corporation": "None",
      "class": "None",
      "use_type": "SummonRandomCharacter",
      "use_id": 200001,
      "use_value": 50,
      "use_limit_count": true,
      "use_limit_count_value": 10,
      "stack_max": 9999999
    },
    {
      "id": 5460100,
      "name_localkey": "Locale_Item:MaterialName_5460100",
      "description_localkey": "Locale_Item:MaterialDescription_5460100",
      "resource_id": 60100,
      "item_type": "Piece",
      "item_sub_type": "SummonPiece",
      "item_rare": "SSR",
      "corporation": "None",
      "class": "None",
      "use_type": "SummonRandomCharacter",
      "use_id": 200101,
      "use_value": 50,
      "use_limit_count": true,
      "use_limit_count_value": 10,
      "stack_max": 9999999
    }
  ]
}