{
  "version": "0.0.1",
  "records": [
    {
      "id": 1,
      "name": "Locale_System:MULTIRAID_COOPERATION_NAME_01",
      "player_count": 5,
      "character_select_time_limit": 60,
      "character_lv": 40,
      "stage_level": 40,
      "monster_stage_lv": 44,
      "dynamic_object_stage_lv": 44,
      "cover_stage_lv": 40,
      "monster_stage_lv_change_group": 301,
      "spot_id": 6303001,
      "monster_stage_lv_change_group_easy": 0,
      "spot_id_easy": 0,
      "condition_reward_group": 200000,
      "reward_limit_count": 3,
      "rank_condition_reward_group": 210000
    },
    {
      "id": 2,
      "name": "Locale_System:MULTIRAID_COOPERATION_NAME_02",
      "player_count": 5,
      "character_select_time_limit": 60,
      "character_lv": 40,
      "stage_level": 40,
      "monster_stage_lv": 44,
      "dynamic_object_stage_lv": 44,
      "cover_stage_lv": 40,
      "monster_stage_lv_change_group": 301,
      "spot_id": 6303002,
      "monster_stage_lv_change_group_easy": 0,
      "spot_id_easy": 0,
      "condition_reward_group": 200000,
      "reward_limit_count": 3,
      "rank_condition_reward_group": 210000
    },
    {
      "id": 3,
      "name": "Locale_System:MULTIRAID_COOPERATION_NAME_03",
      "player_count": 5,
      "character_select_time_limit": 60,
      "character_lv": 40,
      "stage_level": 40,
      "monster_stage_lv": 44,
      "dynamic_object_stage_lv": 44,
      "cover_stage_lv": 40,
      "monster_stage_lv_change_group": 301,
      "spot_id": 6303003,
      "monster_stage_lv_change_group_easy": 0,
      "spot_id_easy": 0,
      "condition_reward_group": 200000,
      "reward_limit_count": 3,
      "rank_condition_reward_group": 210000
    },
    {
      "id": 4,
      "name": "Locale_System:MULTIRAID_COOPERATION_NAME_04",
      "player_count": 5,
      "character_select_time_limit": 60,
      "character_lv": 40,
      "stage_level": 40,
      "monster_stage_lv": 44,
      "dynamic_object_stage_lv": 44,
      "cover_stage_lv": 40,
      "monster_stage_lv_change_group": 301,
      "spot_id": 6303004,
      "monster_stage_lv_change_group_easy": 0,
      "spot_id_easy": 0,
      "condition_reward_group": 200000,
      "reward_limit_count": 3,
      "rank_condition_reward_group": 210000
    },
    {
      "id": 5,
      "name": "Locale_System:MULTIRAID_COOPERATION_NAME_05",
      "player_count": 5,
      "character_select_time_limit": 60,
      "character_lv": 40,
      "stage_level": 40,
      "monster_stage_lv": 44,
      "dynamic_object_stage_lv": 44,
      "cover_stage_lv": 40,
      "monster_stage_lv_change_group": 301,
      "spot_id": 6303006,
      "monster_stage_lv_change_group_easy": 0,
      "spot_id_easy": 0,
      "condition_reward_group": 200000,
      "reward_limit_count": 3,
      "rank_condition_reward_group": 210000
    },
    {
      "id": 6,
      "name": "Locale_System:MULTIRAID_COOPERATION_NAME_06",
      "player_count": 5,
      "character_select_time_limit": 60,
      "character_lv": 40,
      "stage_level": 40,
      "monster_stage_lv": 44,
      "dynamic_object_stage_lv": 44,
      "cover_stage_lv": 40,
      "monster_stage_lv_change_group": 301,
      "spot_id": 6303005,
      "monster_stage_lv_change_group_easy": 0,
      "spot_id_easy": 0,
      "condition_reward_group": 200000,
      "reward_limit_count": 3,
      "rank_condition_reward_group": 210000
    },
    {
      "id": 7,
      "name": "Locale_System:INTERCEPT_SPECIAL_4_SHORT_NAME",
      "player_count": 5,
      "character_select_time_limit": 60,
      "character_lv": 40,
      "stage_level": 40,
      "monster_stage_lv": 44,
      "dynamic_object_stage_lv": 44,
      "cover_stage_lv": 40,
      "monster_stage_lv_change_group": 303,
      "spot_id": 6303010,
      "monster_stage_lv_change_group_easy": 0,
      "spot_id_easy": 0,
      "condition_reward_group": 200000,
      "reward_limit_count": 3,
      "rank_condition_reward_group": 210000
    },
    {
      "id": 8,
      "name": "Locale_System:MULTIRAID_COOPERATION_NAME_02",
      "player_count": 5,
      "character_select_time_limit": 60,
      "character_lv": 40,
      "stage_level": 40,
      "monster_stage_lv": 44,
      "dynamic_object_stage_lv": 44,
      "cover_stage_lv": 40,
      "monster_stage_lv_change_group": 305,
      "spot_id": 6303002,
      "monster_stage_lv_change_group_easy": 0,
      "spot_id_easy": 0,
      "condition_reward_group": 200000,
      "reward_limit_count": 3,
      "rank_condition_reward_group": 210000
    },
    {
      "id": 9,
      "name": "Locale_System:MULTIRAID_COOPERATION_NAME_06",
      "player_count": 5,
      "character_select_time_limit": 60,
      "character_lv": 40,
      "stage_level": 40,
      "monster_stage_lv": 44,
      "dynamic_object_stage_lv": 44,
      "cover_stage_lv": 40,
      "monster_stage_lv_change_group": 304,
      "spot_id": 6303005,
      "monster_stage_lv_change_group_easy": 0,
      "spot_id_easy": 0,
      "condition_reward_group": 200000,
      "reward_limit_count": 3,
      "rank_condition_reward_group": 210000
    },
    {
      "id": 10,
      "name": "Locale_System:MULTIRAID_COOPERATION_NAME_04",
      "player_count": 5,
      "character_select_time_limit": 60,
      "character_lv": 40,
      "stage_level": 40,
      "monster_stage_lv": 44,
      "dynamic_object_stage_lv": 44,
      "cover_stage_lv": 40,
      "monster_stage_lv_change_group": 306,
      "spot_id": 6303004,
      "monster_stage_lv_change_group_easy": 0,
      "spot_id_easy": 0,
      "condition_reward_group": 200000,
      "reward_limit_count": 3,
      "rank_condition_reward_group": 210000
    },
    {
      "id": 11,
      "name": "Locale_System:MULTIRAID_COOPERATION_NAME_05",
      "player_count": 5,
      "character_select_time_limit": 60,
      "character_lv": 40,
      "stage_level": 40,
      "monster_stage_lv": 44,
      "dynamic_object_stage_lv": 44,
      "cover_stage_lv": 40,
      "monster_stage_lv_change_group": 307,
      "spot_id": 6303006,
      "monster_stage_lv_change_group_easy": 0,
      "spot_id_easy": 0,
      "condition_reward_group": 200000,
      "reward_limit_count": 3,
      "rank_condition_reward_group": 210000
    },
    {
      "id": 12,
      "name": "Locale_System:INTERCEPT_SPECIAL_1_SHORT_NAME",
      "player_count": 5,
      "character_select_time_limit": 60,
      "character_lv": 40,
      "stage_level": 40,
      "monster_stage_lv": 44,
      "dynamic_object_stage_lv": 44,
      "cover_stage_lv": 40,
      "monster_stage_lv_change_group": 308,
      "spot_id": 6303001,
      "monster_stage_lv_change_group_easy": 0,
      "spot_id_easy": 0,
      "condition_reward_group": 200000,
      "reward_limit_count": 3,
      "rank_condition_reward_group": 210000
    },
    {
      "id": 13,
      "name": "Locale_System:MULTIRAID_COOPERATION_NAME_03",
      "player_count": 5,
      "character_select_time_limit": 60,
      "character_lv": 40,
      "stage_level": 40,
      "monster_stage_lv": 44,
      "dynamic_object_stage_lv": 44,
      "cover_stage_lv": 40,
      "monster_stage_lv_change_group": 309,
      "spot_id": 6303003,
      "monster_stage_lv_change_group_easy": 0,
      "spot_id_easy": 0,
      "condition_reward_group": 200000,
      "reward_limit_count": 3,
      "rank_condition_reward_group": 210000
    },
    {
      "id": 14,
      "name": "Locale_System:INTERCEPT_SPECIAL_4_SHORT_NAME",
      "player_count": 5,
      "character_select_time_limit": 60,
      "character_lv": 40,
      "stage_level": 40,
      "monster_stage_lv": 44,
      "dynamic_object_stage_lv": 44,
      "cover_stage_lv": 40,
      "monster_stage_lv_change_group": 303,
      "spot_id": 6303010,
      "monster_stage_lv_change_group_easy": 0,
      "spot_id_easy": 0,
      "condition_reward_group": 200000,
      "reward_limit_count": 3,
      "rank_condition_reward_group": 210000
    },
    {
      "id": 15,
      "name": "Locale_System:MULTIRAID_COOPERATION_NAME_06",
      "player_count": 5,
      "character_select_time_limit": 60,
      "character_lv": 40,
      "stage_level": 40,
      "monster_stage_lv": 44,
      "dynamic_object_stage_lv": 44,
      "cover_stage_lv": 40,
      "monster_stage_lv_change_group": 304,
      "spot_id": 6303005,
      "monster_stage_lv_change_group_easy": 0,
      "spot_id_easy": 0,
      "condition_reward_group": 200000,
      "reward_limit_count": 3,
      "rank_condition_reward_group": 210000
    },
    {
      "id": 16,
      "name": "Locale_System:MULTIRAID_COOPERATION_NAME_16",
      "player_count": 5,
      "character_select_time_limit": 60,
      "character_lv": 40,
      "stage_level": 40,
      "monster_stage_lv": 44,
      "dynamic_object_stage_lv": 44,
      "cover_stage_lv": 40,
      "monster_stage_lv_change_group": 302,
      "spot_id": 6303011,
      "monster_stage_lv_change_group_easy": 0,
      "spot_id_easy": 0,
      "condition_reward_group": 200000,
      "reward_limit_count": 3,
      "rank_condition_reward_group": 210000
    },
    {
      "id": 17,
      "name": "Locale_System:MULTIRAID_COOPERATION_NAME_17",
      "player_count": 5,
      "character_select_time_limit": 60,
      "character_lv": 40,
      "stage_level": 40,
      "monster_stage_lv": 44,
      "dynamic_object_stage_lv": 44,
      "cover_stage_lv": 40,
      "monster_stage_lv_change_group": 302,
      "spot_id": 6303012,
      "monster_stage_lv_change_group_easy": 0,
      "spot_id_easy": 0,
      "condition_reward_group": 200000,
      "reward_limit_count": 3,
      "rank_condition_reward_group": 210000
    },
    {
      "id": 18,
      "name": "Locale_System:MULTIRAID_COOPERATION_NAME_18",
      "player_count": 5,
      "character_select_time_limit": 60,
      "character_lv": 40,
      "stage_level": 40,
      "monster_stage_lv": 44,
      "dynamic_object_stage_lv": 44,
      "cover_stage_lv": 40,
      "monster_stage_lv_change_group": 302,
      "spot_id": 6303013,
      "monster_stage_lv_change_group_easy": 0,
      "spot_id_easy": 0,
      "condition_reward_group": 200000,
      "reward_limit_count": 3,
      "rank_condition_reward_group": 210000
    },
    {
      "id": 19,
      "name": "Locale_System:MULTIRAID_COOPERATION_NAME_101",
      "player_count": 5,
      "character_select_time_limit": 60,
      "character_lv": 40,
      "stage_level": 40,
      "monster_stage_lv": 44,
      "dynamic_object_stage_lv": 44,
      "cover_stage_lv": 40,
      "monster_stage_lv_change_group": 302,
      "spot_id": 6303015,
      "monster_stage_lv_change_group_easy": 0,
      "spot_id_easy": 0,
      "condition_reward_group": 200000,
      "reward_limit_count": 3,
      "rank_condition_reward_group": 210000
    },
    {
      "id": 20,
      "name": "Locale_System:MULTIRAID_COOPERATION_NAME_102",
      "player_count": 5,
      "character_select_time_limit": 60,
      "character_lv": 40,
      "stage_level": 40,
      "monster_stage_lv": 44,
      "dynamic_object_stage_lv": 44,
      "cover_stage_lv": 40,
      "monster_stage_lv_change_group": 302,
      "spot_id": 6303008,
      "monster_stage_lv_change_group_easy": 0,
      "spot_id_easy": 0,
      "condition_reward_group": 200000,
      "reward_limit_count": 3,
      "rank_condition_reward_group": 210000
    },
    {
      "id": 21,
      "name": "Locale_System:MULTIRAID_COOPERATION_NAME_103",
      "player_count": 5,
      "character_select_time_limit": 60,
      "character_lv": 40,
      "stage_level": 40,
      "monster_stage_lv": 44,
      "dynamic_object_stage_lv": 44,
      "cover_stage_lv": 40,
      "monster_stage_lv_change_group": 302,
      "spot_id": 6303014,
      "monster_stage_lv_change_group_easy": 0,
      "spot_id_easy": 0,
      "condition_reward_group": 200000,
      "reward_limit_count": 3,
      "rank_condition_reward_group": 210000
    },
    {
      "id": 22,
      "name": "Locale_System:world_raid_name_test_1",
      "player_count": 5,
      "character_select_time_limit": 60,
      "character_lv": 40,
      "stage_level": 40,
      "monster_stage_lv": 44,
      "dynamic_object_stage_lv": 44,
      "cover_stage_lv": 40,
      "monster_stage_lv_change_group": 310,
      "spot_id": 6303016,
      "monster_stage_lv_change_group_easy": 0,
      "spot_id_easy": 0,
      "condition_reward_group": 200000,
      "reward_limit_count": 3,
      "rank_condition_reward_group": 210000
    },
    {
      "id": 23,
      "name": "Locale_System:INTERCEPT_SPECIAL_1_SHORT_NAME",
      "player_count": 5,
      "character_select_time_limit": 60,
      "character_lv": 40,
      "stage_level": 40,
      "monster_stage_lv": 44,
      "dynamic_object_stage_lv": 44,
      "cover_stage_lv": 40,
      "monster_stage_lv_change_group": 308,
      "spot_id": 6303017,
      "monster_stage_lv_change_group_easy": 0,
      "spot_id_easy": 0,
      "condition_reward_group": 200000,
      "reward_limit_count": 3,
      "rank_condition_reward_group": 210000
    },
    {
      "id": 24,
      "name": "Locale_System:MULTIRAID_COOPERATION_NAME_05",
      "player_count": 5,
      "character_select_time_limit": 60,
      "character_lv": 40,
      "stage_level": 40,
      "monster_stage_lv": 44,
      "dynamic_object_stage_lv": 44,
      "cover_stage_lv": 40,
      "monster_stage_lv_change_group": 307,
      "spot_id": 6303006,
      "monster_stage_lv_change_group_easy": 0,
      "spot_id_easy": 0,
      "condition_reward_group": 200000,
      "reward_limit_count": 3,
      "rank_condition_reward_group": 210000
    },
    {
      "id": 25,
      "name": "Locale_System:INTERCEPT_SPECIAL_4_SHORT_NAME",
      "player_count": 5,
      "character_select_time_limit": 60,
      "character_lv": 40,
      "stage_level": 40,
      "monster_stage_lv": 44,
      "dynamic_object_stage_lv": 44,
      "cover_stage_lv": 40,
      "monster_stage_lv_change_group": 303,
      "spot_id": 6303010,
      "monster_stage_lv_change_group_easy": 0,
      "spot_id_easy": 0,
      "condition_reward_group": 200000,
      "reward_limit_count": 3,
      "rank_condition_reward_group": 210000
    },
    {
      "id": 26,
      "name": "Locale_System:MULTIRAID_COOPERATION_NAME_06",
      "player_count": 5,
      "character_select_time_limit": 60,
      "character_lv": 40,
      "stage_level": 40,
      "monster_stage_lv": 44,
      "dynamic_object_stage_lv": 44,
      "cover_stage_lv": 40,
      "monster_stage_lv_change_group": 304,
      "spot_id": 6303005,
      "monster_stage_lv_change_group_easy": 0,
      "spot_id_easy": 0,
      "condition_reward_group": 200000,
      "reward_limit_count": 3,
      "rank_condition_reward_group": 210000
    },
    {
      "id": 27,
      "name": "Locale_System:MULTIRAID_COOPERATION_NAME_04",
      "player_count": 5,
      "character_select_time_limit": 60,
      "character_lv": 40,
      "stage_level": 40,
      "monster_stage_lv": 44,
      "dynamic_object_stage_lv": 44,
      "cover_stage_lv": 40,
      "monster_stage_lv_change_group": 306,
      "spot_id": 6303004,
      "monster_stage_lv_change_group_easy": 0,
      "spot_id_easy": 0,
      "condition_reward_group": 200000,
      "reward_limit_count": 3,
      "rank_condition_reward_group": 210000
    },
    {
      "id": 28,
      "name": "Locale_System:INTERCEPT_SPECIAL_1_SHORT_NAME",
      "player_count": 5,
      "character_select_time_limit": 60,
      "character_lv": 40,
      "stage_level": 40,
      "monster_stage_lv": 44,
      "dynamic_object_stage_lv": 44,
      "cover_stage_lv": 40,
      "monster_stage_lv_change_group": 308,
      "spot_id": 6303001,
      "monster_stage_lv_change_group_easy": 0,
      "spot_id_easy": 0,
      "condition_reward_group": 200000,
      "reward_limit_count": 3,
      "rank_condition_reward_group": 210000
    },
    {
      "id": 29,
      "name": "Locale_System:MULTIRAID_COOPERATION_NAME_05",
      "player_count": 5,
      "character_select_time_limit": 60,
      "character_lv": 40,
      "stage_level": 40,
      "monster_stage_lv": 44,
      "dynamic_object_stage_lv": 44,
      "cover_stage_lv": 40,
      "monster_stage_lv_change_group": 307,
      "spot_id": 6303006,
      "monster_stage_lv_change_group_easy": 0,
      "spot_id_easy": 0,
      "condition_reward_group": 200000,
      "reward_limit_count": 3,
      "rank_condition_reward_group": 210000
    },
    {
      "id": 30,
      "name": "Locale_System:INTERCEPT_SPECIAL_4_SHORT_NAME",
      "player_count": 5,
      "character_select_time_limit": 60,
      "character_lv": 40,
      "stage_level": 40,
      "monster_stage_lv": 44,
      "dynamic_object_stage_lv": 44,
      "cover_stage_lv": 40,
      "monster_stage_lv_change_group": 303,
      "spot_id": 6303010,
      "monster_stage_lv_change_group_easy": 0,
      "spot_id_easy": 0,
      "condition_reward_group": 200000,
      "reward_limit_count": 3,
      "rank_condition_reward_group": 210000
    },
    {
      "id": 31,
      "name": "Locale_System:MULTIRAID_COOPERATION_NAME_06",
      "player_count": 5,
      "character_select_time_limit": 60,
      "character_lv": 40,
      "stage_level": 40,
      "monster_stage_lv": 44,
      "dynamic_object_stage_lv": 44,
      "cover_stage_lv": 40,
      "monster_stage_lv_change_group": 304,
      "spot_id": 6303005,
      "monster_stage_lv_change_group_easy": 0,
      "spot_id_easy": 0,
      "condition_reward_group": 200000,
      "reward_limit_count": 3,
      "rank_condition_reward_group": 210000
    },
    {
      "id": 32,
      "name": "Locale_System:INTERCEPT_SPECIAL_1_SHORT_NAME",
      "player_count": 5,
      "character_select_time_limit": 60,
      "character_lv": 40,
      "stage_level": 40,
      "monster_stage_lv": 44,
      "dynamic_object_stage_lv": 44,
      "cover_stage_lv": 40,
      "monster_stage_lv_change_group": 308,
      "spot_id": 6303017,
      "monster_stage_lv_change_group_easy": 0,
      "spot_id_easy": 0,
      "condition_reward_group": 200000,
      "reward_limit_count": 3,
      "rank_condition_reward_group": 210000
    },
    {
      "id": 33,
      "name": "Locale_System:MULTIRAID_COOPERATION_NAME_101",
      "player_count": 5,
      "character_select_time_limit": 60,
      "character_lv": 40,
      "stage_level": 40,
      "monster_stage_lv": 44,
      "dynamic_object_stage_lv": 44,
      "cover_stage_lv": 40,
      "monster_stage_lv_change_group": 302,
      "spot_id": 6303007,
      "monster_stage_lv_change_group_easy": 0,
      "spot_id_easy": 0,
      "condition_reward_group": 200000,
      "reward_limit_count": 3,
      "rank_condition_reward_group": 210000
    },
    {
      "id": 34,
      "name": "Locale_System:MULTIRAID_COOPERATION_NAME_102",
      "player_count": 5,
      "character_select_time_limit": 60,
      "character_lv": 40,
      "stage_level": 40,
      "monster_stage_lv": 44,
      "dynamic_object_stage_lv": 44,
      "cover_stage_lv": 40,
      "monster_stage_lv_change_group": 302,
      "spot_id": 6303009,
      "monster_stage_lv_change_group_easy": 0,
      "spot_id_easy": 0,
      "condition_reward_group": 200000,
      "reward_limit_count": 3,
      "rank_condition_reward_group": 210000
    },
    {
      "id": 35,
      "name": "Locale_System:MULTIRAID_COOPERATION_NAME_103",
      "player_count": 5,
      "character_select_time_limit": 60,
      "character_lv": 40,
      "stage_level": 40,
      "monster_stage_lv": 44,
      "dynamic_object_stage_lv": 44,
      "cover_stage_lv": 40,
      "monster_stage_lv_change_group": 302,
      "spot_id": 6303014,
      "monster_stage_lv_change_group_easy": 0,
      "spot_id_easy": 0,
      "condition_reward_group": 200000,
      "reward_limit_count": 3,
      "rank_condition_reward_group": 210000
    },
    {
      "id": 36,
      "name": "Locale_System:MULTIRAID_COOPERATION_NAME_04",
      "player_count": 5,
      "character_select_time_limit": 60,
      "character_lv": 40,
      "stage_level": 40,
      "monster_stage_lv": 44,
      "dynamic_object_stage_lv": 44,
      "cover_stage_lv": 40,
      "monster_stage_lv_change_group": 306,
      "spot_id": 6303004,
      "monster_stage_lv_change_group_easy": 0,
      "spot_id_easy": 0,
      "condition_reward_group": 200000,
      "reward_limit_count": 3,
      "rank_condition_reward_group": 210000
    },
    {
      "id": 37,
      "name": "Locale_System:MULTIRAID_COOPERATION_NAME_06",
      "player_count": 5,
      "character_select_time_limit": 60,
      "character_lv": 40,
      "stage_level": 40,
      "monster_stage_lv": 44,
      "dynamic_object_stage_lv": 44,
      "cover_stage_lv": 40,
      "monster_stage_lv_change_group": 304,
      "spot_id": 6303005,
      "monster_stage_lv_change_group_easy": 0,
      "spot_id_easy": 0,
      "condition_reward_group": 200000,
      "reward_limit_count": 3,
      "rank_condition_reward_group": 210000
    },
    {
      "id": 38,
      "name": "Locale_System:INTERCEPT_SPECIAL_4_SHORT_NAME",
      "player_count": 5,
      "character_select_time_limit": 60,
      "character_lv": 40,
      "stage_level": 40,
      "monster_stage_lv": 44,
      "dynamic_object_stage_lv": 44,
      "cover_stage_lv": 40,
      "monster_stage_lv_change_group": 303,
      "spot_id": 6303010,
      "monster_stage_lv_change_group_easy": 0,
      "spot_id_easy": 0,
      "condition_reward_group": 200000,
      "reward_limit_count": 3,
      "rank_condition_reward_group": 210000
    },
    {
      "id": 39,
      "name": "Locale_System:world_raid_name_test_1",
      "player_count": 5,
      "character_select_time_limit": 60,
      "character_lv": 40,
      "stage_level": 40,
      "monster_stage_lv": 44,
      "dynamic_object_stage_lv": 44,
      "cover_stage_lv": 40,
      "monster_stage_lv_change_group": 310,
      "spot_id": 6303016,
      "monster_stage_lv_change_group_easy": 0,
      "spot_id_easy": 0,
      "condition_reward_group": 200000,
      "reward_limit_count": 3,
      "rank_condition_reward_group": 210000
    },
    {
      "id": 40,
      "name": "Locale_System:INTERCEPT_SPECIAL_1_SHORT_NAME",
      "player_count": 5,
      "character_select_time_limit": 60,
      "character_lv": 40,
      "stage_level": 40,
      "monster_stage_lv": 50,
      "dynamic_object_stage_lv": 50,
      "cover_stage_lv": 40,
      "monster_stage_lv_change_group": 308,
      "spot_id": 6303017,
      "monster_stage_lv_change_group_easy": 0,
      "spot_id_easy": 0,
      "condition_reward_group": 200000,
      "reward_limit_count": 3,
      "rank_condition_reward_group": 210000
    },
    {
      "id": 41,
      "name": "Locale_System:MULTIRAID_COOPERATION_NAME_16",
      "player_count": 5,
      "character_select_time_limit": 60,
      "character_lv": 40,
      "stage_level": 40,
      "monster_stage_lv": 44,
      "dynamic_object_stage_lv": 44,
      "cover_stage_lv": 40,
      "monster_stage_lv_change_group": 302,
      "spot_id": 6303011,
      "monster_stage_lv_change_group_easy": 0,
      "spot_id_easy": 0,
      "condition_reward_group": 200000,
      "reward_limit_count": 3,
      "rank_condition_reward_group": 210000
    },
    {
      "id": 42,
      "name": "Locale_System:MULTIRAID_COOPERATION_NAME_17",
      "player_count": 5,
      "character_select_time_limit": 60,
      "character_lv": 40,
      "stage_level": 40,
      "monster_stage_lv": 44,
      "dynamic_object_stage_lv": 44,
      "cover_stage_lv": 40,
      "monster_stage_lv_change_group": 302,
      "spot_id": 6303012,
      "monster_stage_lv_change_group_easy": 0,
      "spot_id_easy": 0,
      "condition_reward_group": 200000,
      "reward_limit_count": 3,
      "rank_condition_reward_group": 210000
    },
    {
      "id": 43,
      "name": "Locale_System:MULTIRAID_COOPERATION_NAME_18",
      "player_count": 5,
      "character_select_time_limit": 60,
      "character_lv": 40,
      "stage_level": 40,
      "monster_stage_lv": 44,
      "dynamic_object_stage_lv": 44,
      "cover_stage_lv": 40,
      "monster_stage_lv_change_group": 302,
      "spot_id": 6303013,
      "monster_stage_lv_change_group_easy": 0,
      "spot_id_easy": 0,
      "condition_reward_group": 200000,
      "reward_limit_count": 3,
      "rank_condition_reward_group": 210000
    },
    {
      "id": 44,
      "name": "Locale_System:MULTIRAID_COOPERATION_NAME_05",
      "player_count": 5,
      "character_select_time_limit": 60,
      "character_lv": 40,
      "stage_level": 40,
      "monster_stage_lv": 38,
      "dynamic_object_stage_lv": 38,
      "cover_stage_lv": 40,
      "monster_stage_lv_change_group": 307,
      "spot_id": 6303006,
      "monster_stage_lv_change_group_easy": 0,
      "spot_id_easy": 0,
      "condition_reward_group": 200000,
      "reward_limit_count": 3,
      "rank_condition_reward_group": 210000
    },
    {
      "id": 45,
      "name": "Locale_System:MULTIRAID_COOPERATION_NAME_07",
      "player_count": 5,
      "character_select_time_limit": 60,
      "character_lv": 40,
      "stage_level": 40,
      "monster_stage_lv": 42,
      "dynamic_object_stage_lv": 42,
      "cover_stage_lv": 40,
      "monster_stage_lv_change_group": 311,
      "spot_id": 6303018,
      "monster_stage_lv_change_group_easy": 0,
      "spot_id_easy": 0,
      "condition_reward_group": 200000,
      "reward_limit_count": 3,
      "rank_condition_reward_group": 210000
    },
    {
      "id": 46,
      "name": "Locale_System:MULTIRAID_COOPERATION_NAME_101",
      "player_count": 5,
      "character_select_time_limit": 60,
      "character_lv": 40,
      "stage_level": 40,
      "monster_stage_lv": 44,
      "dynamic_object_stage_lv": 44,
      "cover_stage_lv": 40,
      "monster_stage_lv_change_group": 302,
      "spot_id": 6303019,
      "monster_stage_lv_change_group_easy": 0,
      "spot_id_easy": 0,
      "condition_reward_group": 200000,
      "reward_limit_count": 3,
      "rank_condition_reward_group": 210000
    },
    {
      "id": 47,
      "name": "Locale_System:MULTIRAID_COOPERATION_NAME_102",
      "player_count": 5,
      "character_select_time_limit": 60,
      "character_lv": 40,
      "stage_level": 40,
      "monster_stage_lv": 44,
      "dynamic_object_stage_lv": 44,
      "cover_stage_lv": 40,
      "monster_stage_lv_change_group": 302,
      "spot_id": 6303020,
      "monster_stage_lv_change_group_easy": 0,
      "spot_id_easy": 0,
      "condition_reward_group": 200000,
      "reward_limit_count": 3,
      "rank_condition_reward_group": 210000
    },
    {
      "id": 48,
      "name": "Locale_System:MULTIRAID_COOPERATION_NAME_103",
      "player_count": 5,
      "character_select_time_limit": 60,
      "character_lv": 40,
      "stage_level": 40,
      "monster_stage_lv": 44,
      "dynamic_object_stage_lv": 44,
      "cover_stage_lv": 40,
      "monster_stage_lv_change_group": 302,
      "spot_id": 6303021,
      "monster_stage_lv_change_group_easy": 0,
      "spot_id_easy": 0,
      "condition_reward_group": 200000,
      "reward_limit_count": 3,
      "rank_condition_reward_group": 210000
    },
    {
      "id": 49,
      "name": "Locale_System:MULTIRAID_COOPERATION_NAME_06",
      "player_count": 5,
      "character_select_time_limit": 60,
      "character_lv": 40,
      "stage_level": 40,
      "monster_stage_lv": 44,
      "dynamic_object_stage_lv": 44,
      "cover_stage_lv": 40,
      "monster_stage_lv_change_group": 304,
      "spot_id": 6303005,
      "monster_stage_lv_change_group_easy": 0,
      "spot_id_easy": 0,
      "condition_reward_group": 200000,
      "reward_limit_count": 3,
      "rank_condition_reward_group": 210000
    },
    {
      "id": 50,
      "name": "Locale_System:INTERCEPT_SPECIAL_1_SHORT_NAME",
      "player_count": 5,
      "character_select_time_limit": 60,
      "character_lv": 40,
      "stage_level": 40,
      "monster_stage_lv": 44,
      "dynamic_object_stage_lv": 44,
      "cover_stage_lv": 40,
      "monster_stage_lv_change_group": 308,
      "spot_id": 6303017,
      "monster_stage_lv_change_group_easy": 0,
      "spot_id_easy": 0,
      "condition_reward_group": 200000,
      "reward_limit_count": 3,
      "rank_condition_reward_group": 210000
    },
    {
      "id": 51,
      "name": "Locale_System:INTERCEPT_SPECIAL_4_SHORT_NAME",
      "player_count": 5,
      "character_select_time_limit": 60,
      "character_lv": 40,
      "stage_level": 40,
      "monster_stage_lv": 44,
      "dynamic_object_stage_lv": 44,
      "cover_stage_lv": 40,
      "monster_stage_lv_change_group": 303,
      "spot_id": 6303010,
      "monster_stage_lv_change_group_easy": 0,
      "spot_id_easy": 0,
      "condition_reward_group": 200000,
      "reward_limit_count": 3,
      "rank_condition_reward_group": 210000
    },
    {
      "id": 52,
      "name": "Locale_System:MULTIRAID_COOPERATION_NAME_04",
      "player_count": 5,
      "character_select_time_limit": 60,
      "character_lv": 40,
      "stage_level": 40,
      "monster_stage_lv": 38,
      "dynamic_object_stage_lv": 38,
      "cover_stage_lv": 40,
      "monster_stage_lv_change_group": 306,
      "spot_id": 6303004,
      "monster_stage_lv_change_group_easy": 0,
      "spot_id_easy": 0,
      "condition_reward_group": 200000,
      "reward_limit_count": 3,
      "rank_condition_reward_group": 210000
    },
    {
      "id": 53,
      "name": "Locale_System:world_raid_name_test_1",
      "player_count": 5,
      "character_select_time_limit": 60,
      "character_lv": 40,
      "stage_level": 40,
      "monster_stage_lv": 42,
      "dynamic_object_stage_lv": 42,
      "cover_stage_lv": 40,
      "monster_stage_lv_change_group": 310,
      "spot_id": 6303016,
      "monster_stage_lv_change_group_easy": 0,
      "spot_id_easy": 0,
      "condition_reward_group": 200000,
      "reward_limit_count": 3,
      "rank_condition_reward_group": 210000
    },
    {
      "id": 54,
      "name": "Locale_System:MULTIRAID_COOPERATION_NAME_06",
      "player_count": 5,
      "character_select_time_limit": 60,
      "character_lv": 40,
      "stage_level": 40,
      "monster_stage_lv": 38,
      "dynamic_object_stage_lv": 38,
      "cover_stage_lv": 40,
      "monster_stage_lv_change_group": 304,
      "spot_id": 6303005,
      "monster_stage_lv_change_group_easy": 0,
      "spot_id_easy": 0,
      "condition_reward_group": 200000,
      "reward_limit_count": 3,
      "rank_condition_reward_group": 210000
    },
    {
      "id": 55,
      "name": "Locale_System:INTERCEPT_SPECIAL_4_SHORT_NAME",
      "player_count": 5,
      "character_select_time_limit": 60,
      "character_lv": 40,
      "stage_level": 40,
      "monster_stage_lv": 38,
      "dynamic_object_stage_lv": 38,
      "cover_stage_lv": 40,
      "monster_stage_lv_change_group": 303,
      "spot_id": 6303010,
      "monster_stage_lv_change_group_easy": 0,
      "spot_id_easy": 0,
      "condition_reward_group": 200000,
      "reward_limit_count": 3,
      "rank_condition_reward_group": 210000
    },
    {
      "id": 56,
      "name": "Locale_System:INTERCEPT_SPECIAL_1_SHORT_NAME",
      "player_count": 5,
      "character_select_time_limit": 60,
      "character_lv": 40,
      "stage_level": 40,
      "monster_stage_lv": 38,
      "dynamic_object_stage_lv": 38,
      "cover_stage_lv": 40,
      "monster_stage_lv_change_group": 308,
      "spot_id": 6303001,
      "monster_stage_lv_change_group_easy": 0,
      "spot_id_easy": 0,
      "condition_reward_group": 200000,
      "reward_limit_count": 3,
      "rank_condition_reward_group": 210000
    },
    {
      "id": 57,
      "name": "Locale_System:MULTIRAID_COOPERATION_NAME_04",
      "player_count": 5,
      "character_select_time_limit": 60,
      "character_lv": 40,
      "stage_level": 40,
      "monster_stage_lv": 38,
      "dynamic_object_stage_lv": 38,
      "cover_stage_lv": 40,
      "monster_stage_lv_change_group": 306,
      "spot_id": 6303004,
      "monster_stage_lv_change_group_easy": 0,
      "spot_id_easy": 0,
      "condition_reward_group": 200000,
      "reward_limit_count": 3,
      "rank_condition_reward_group": 210000
    },
    {
      "id": 58,
      "name": "Locale_System:MULTIRAID_COOPERATION_NAME_07",
      "player_count": 5,
      "character_select_time_limit": 60,
      "character_lv": 40,
      "stage_level": 40,
      "monster_stage_lv": 42,
      "dynamic_object_stage_lv": 42,
      "cover_stage_lv": 40,
      "monster_stage_lv_change_group": 311,
      "spot_id": 6303018,
      "monster_stage_lv_change_group_easy": 0,
      "spot_id_easy": 0,
      "condition_reward_group": 200000,
      "reward_limit_count": 3,
      "rank_condition_reward_group": 210000
    },
    {
      "id": 59,
      "name": "Locale_System:MULTIRAID_COOPERATION_NAME_101",
      "player_count": 5,
      "character_select_time_limit": 60,
      "character_lv": 40,
      "stage_level": 40,
      "monster_stage_lv": 44,
      "dynamic_object_stage_lv": 44,
      "cover_stage_lv": 40,
      "monster_stage_lv_change_group": 302,
      "spot_id": 6303019,
      "monster_stage_lv_change_group_easy": 0,
      "spot_id_easy": 0,
      "condition_reward_group": 200000,
      "reward_limit_count": 3,
      "rank_condition_reward_group": 210000
    },
    {
      "id": 60,
      "name": "Locale_System:MULTIRAID_COOPERATION_NAME_102",
      "player_count": 5,
      "character_select_time_limit": 60,
      "character_lv": 40,
      "stage_level": 40,
      "monster_stage_lv": 44,
      "dynamic_object_stage_lv": 44,
      "cover_stage_lv": 40,
      "monster_stage_lv_change_group": 302,
      "spot_id": 6303020,
      "monster_stage_lv_change_group_easy": 0,
      "spot_id_easy": 0,
      "condition_reward_group": 200000,
      "reward_limit_count": 3,
      "rank_condition_reward_group": 210000
    },
    {
      "id": 61,
      "name": "Locale_System:MULTIRAID_COOPERATION_NAME_103",
      "player_count": 5,
      "character_select_time_limit": 60,
      "character_lv": 40,
      "stage_level": 40,
      "monster_stage_lv": 44,
      "dynamic_object_stage_lv": 44,
      "cover_stage_lv": 40,
      "monster_stage_lv_change_group": 302,
      "spot_id": 6303021,
      "monster_stage_lv_change_group_easy": 0,
      "spot_id_easy": 0,
      "condition_reward_group": 200000,
      "reward_limit_count": 3,
      "rank_condition_reward_group": 210000
    },
    {
      "id": 62,
      "name": "Locale_System:INTERCEPT_SPECIAL_1_SHORT_NAME",
      "player_count": 5,
      "character_select_time_limit": 60,
      "character_lv": 40,
      "stage_level": 40,
      "monster_stage_lv": 50,
      "dynamic_object_stage_lv": 50,
      "cover_stage_lv": 40,
      "monster_stage_lv_change_group": 308,
      "spot_id": 6303017,
      "monster_stage_lv_change_group_easy": 0,
      "spot_id_easy": 0,
      "condition_reward_group": 200000,
      "reward_limit_count": 3,
      "rank_condition_reward_group": 210000
    },
    {
      "id": 63,
      "name": "Locale_System:MULTIRAID_COOPERATION_NAME_04",
      "player_count": 5,
      "character_select_time_limit": 60,
      "character_lv": 40,
      "stage_level": 40,
      "monster_stage_lv": 38,
      "dynamic_object_stage_lv": 38,
      "cover_stage_lv": 40,
      "monster_stage_lv_change_group": 306,
      "spot_id": 6303004,
      "monster_stage_lv_change_group_easy": 0,
      "spot_id_easy": 0,
      "condition_reward_group": 200000,
      "reward_limit_count": 3,
      "rank_condition_reward_group": 210000
    },
    {
      "id": 64,
      "name": "Locale_System:MULTIRAID_COOPERATION_NAME_06",
      "player_count": 5,
      "character_select_time_limit": 60,
      "character_lv": 40,
      "stage_level": 40,
      "monster_stage_lv": 38,
      "dynamic_object_stage_lv": 38,
      "cover_stage_lv": 40,
      "monster_stage_lv_change_group": 304,
      "spot_id": 6303005,
      "monster_stage_lv_change_group_easy": 0,
      "spot_id_easy": 0,
      "condition_reward_group": 200000,
      "reward_limit_count": 3,
      "rank_condition_reward_group": 210000
    },
    {
      "id": 65,
      "name": "Locale_System:world_raid_name_test_1",
      "player_count": 5,
      "character_select_time_limit": 60,
      "character_lv": 40,
      "stage_level": 40,
      "monster_stage_lv": 42,
      "dynamic_object_stage_lv": 42,
      "cover_stage_lv": 40,
      "monster_stage_lv_change_group": 310,
      "spot_id": 6303016,
      "monster_stage_lv_change_group_easy": 0,
      "spot_id_easy": 0,
      "condition_reward_group": 200000,
      "reward_limit_count": 3,
      "rank_condition_reward_group": 210000
    },
    {
      "id": 66,
      "name": "Locale_System:INTERCEPT_SPECIAL_1_SHORT_NAME",
      "player_count": 5,
      "character_select_time_limit": 60,
      "character_lv": 40,
      "stage_level": 40,
      "monster_stage_lv": 50,
      "dynamic_object_stage_lv": 50,
      "cover_stage_lv": 40,
      "monster_stage_lv_change_group": 308,
      "spot_id": 6303017,
      "monster_stage_lv_change_group_easy": 0,
      "spot_id_easy": 0,
      "condition_reward_group": 200000,
      "reward_limit_count": 3,
      "rank_condition_reward_group": 210000
    },
    {
      "id": 67,
      "name": "Locale_System:MULTIRAID_COOPERATION_NAME_07",
      "player_count": 5,
      "character_select_time_limit": 60,
      "character_lv": 40,
      "stage_level": 40,
      "monster_stage_lv": 42,
      "dynamic_object_stage_lv": 42,
      "cover_stage_lv": 40,
      "monster_stage_lv_change_group": 311,
      "spot_id": 6303018,
      "monster_stage_lv_change_group_easy": 0,
      "spot_id_easy": 0,
      "condition_reward_group": 200000,
      "reward_limit_count": 3,
      "rank_condition_reward_group": 210000
    },
    {
      "id": 68,
      "name": "Locale_System:MULTIRAID_COOPERATION_NAME_101",
      "player_count": 5,
      "character_select_time_limit": 60,
      "character_lv": 40,
      "stage_level": 40,
      "monster_stage_lv": 44,
      "dynamic_object_stage_lv": 44,
      "cover_stage_lv": 40,
      "monster_stage_lv_change_group": 302,
      "spot_id": 6303020,
      "monster_stage_lv_change_group_easy": 302,
      "spot_id_easy": 6303023,
      "condition_reward_group": 200000,
      "reward_limit_count": 3,
      "rank_condition_reward_group": 210010
    },
    {
      "id": 69,
      "name": "Locale_System:MULTIRAID_COOPERATION_NAME_102",
      "player_count": 5,
      "character_select_time_limit": 60,
      "character_lv": 40,
      "stage_level": 40,
      "monster_stage_lv": 44,
      "dynamic_object_stage_lv": 44,
      "cover_stage_lv": 40,
      "monster_stage_lv_change_group": 302,
      "spot_id": 6303015,
      "monster_stage_lv_change_group_easy": 302,
      "spot_id_easy": 6303024,
      "condition_reward_group": 200000,
      "reward_limit_count": 3,
      "rank_condition_reward_group": 210010
    },
    {
      "id": 70,
      "name": "Locale_System:MULTIRAID_COOPERATION_NAME_103",
      "player_count": 5,
      "character_select_time_limit": 60,
      "character_lv": 40,
      "stage_level": 40,
      "monster_stage_lv": 44,
      "dynamic_object_stage_lv": 44,
      "cover_stage_lv": 40,
      "monster_stage_lv_change_group": 302,
      "spot_id": 6303021,
      "monster_stage_lv_change_group_easy": 302,
      "spot_id_easy": 6303025,
      "condition_reward_group": 200000,
      "reward_limit_count": 3,
      "rank_condition_reward_group": 210010
    },
    {
      "id": 71,
      "name": "Locale_System:INTERCEPT_SPECIAL_4_SHORT_NAME",
      "player_count": 5,
      "character_select_time_limit": 60,
      "character_lv": 40,
      "stage_level": 40,
      "monster_stage_lv": 38,
      "dynamic_object_stage_lv": 38,
      "cover_stage_lv": 40,
      "monster_stage_lv_change_group": 303,
      "spot_id": 6303010,
      "monster_stage_lv_change_group_easy": 303,
      "spot_id_easy": 6303026,
      "condition_reward_group": 200000,
      "reward_limit_count": 3,
      "rank_condition_reward_group": 210010
    },
    {
      "id": 72,
      "name": "Locale_System:MULTIRAID_COOPERATION_NAME_07",
      "player_count": 5,
      "character_select_time_limit": 60,
      "character_lv": 40,
      "stage_level": 40,
      "monster_stage_lv": 42,
      "dynamic_object_stage_lv": 42,
      "cover_stage_lv": 40,
      "monster_stage_lv_change_group": 311,
      "spot_id": 6303018,
      "monster_stage_lv_change_group_easy": 311,
      "spot_id_easy": 6303027,
      "condition_reward_group": 200000,
      "reward_limit_count": 3,
      "rank_condition_reward_group": 210010
    },
    {
      "id": 73,
      "name": "Locale_System:MULTIRAID_COOPERATION_NAME_04",
      "player_count": 5,
      "character_select_time_limit": 60,
      "character_lv": 40,
      "stage_level": 40,
      "monster_stage_lv": 38,
      "dynamic_object_stage_lv": 38,
      "cover_stage_lv": 40,
      "monster_stage_lv_change_group": 306,
      "spot_id": 6303004,
      "monster_stage_lv_change_group_easy": 306,
      "spot_id_easy": 6303028,
      "condition_reward_group": 200000,
      "reward_limit_count": 3,
      "rank_condition_reward_group": 210010
    },
    {
      "id": 74,
      "name": "Locale_System:INTERCEPT_SPECIAL_1_SHORT_NAME",
      "player_count": 5,
      "character_select_time_limit": 60,
      "character_lv": 40,
      "stage_level": 40,
      "monster_stage_lv": 50,
      "dynamic_object_stage_lv": 50,
      "cover_stage_lv": 40,
      "monster_stage_lv_change_group": 308,
      "spot_id": 6303001,
      "monster_stage_lv_change_group_easy": 308,
      "spot_id_easy": 6303029,
      "condition_reward_group": 200000,
      "reward_limit_count": 3,
      "rank_condition_reward_group": 210010
    },
    {
      "id": 75,
      "name": "Locale_System:world_raid_name_test_5",
      "player_count": 5,
      "character_select_time_limit": 60,
      "character_lv": 40,
      "stage_level": 40,
      "monster_stage_lv": 50,
      "dynamic_object_stage_lv": 50,
      "cover_stage_lv": 40,
      "monster_stage_lv_change_group": 301,
      "spot_id": 6303003,
      "monster_stage_lv_change_group_easy": 301,
      "spot_id_easy": 6303030,
      "condition_reward_group": 200000,
      "reward_limit_count": 3,
      "rank_condition_reward_group": 210010
    },
    {
      "id": 76,
      "name": "Locale_System:MULTIRAID_COOPERATION_NAME_101",
      "player_count": 5,
      "character_select_time_limit": 60,
      "character_lv": 40,
      "stage_level": 40,
      "monster_stage_lv": 44,
      "dynamic_object_stage_lv": 44,
      "cover_stage_lv": 40,
      "monster_stage_lv_change_group": 302,
      "spot_id": 6303015,
      "monster_stage_lv_change_group_easy": 302,
      "spot_id_easy": 6303024,
      "condition_reward_group": 200000,
      "reward_limit_count": 3,
      "rank_condition_reward_group": 210010
    },
    {
      "id": 77,
      "name": "Locale_System:MULTIRAID_COOPERATION_NAME_102",
      "player_count": 5,
      "character_select_time_limit": 60,
      "character_lv": 40,
      "stage_level": 40,
      "monster_stage_lv": 44,
      "dynamic_object_stage_lv": 44,
      "cover_stage_lv": 40,
      "monster_stage_lv_change_group": 302,
      "spot_id": 6303021,
      "monster_stage_lv_change_group_easy": 302,
      "spot_id_easy": 6303025,
      "condition_reward_group": 200000,
      "reward_limit_count": 3,
      "rank_condition_reward_group": 210010
    },
    {
      "id": 78,
      "name": "Locale_System:MULTIRAID_COOPERATION_NAME_103",
      "player_count": 5,
      "character_select_time_limit": 60,
      "character_lv": 40,
      "stage_level": 40,
      "monster_stage_lv": 44,
      "dynamic_object_stage_lv": 44,
      "cover_stage_lv": 40,
      "monster_stage_lv_change_group": 302,
      "spot_id": 6303019,
      "monster_stage_lv_change_group_easy": 302,
      "spot_id_easy": 6303031,
      "condition_reward_group": 200000,
      "reward_limit_count": 3,
      "rank_condition_reward_group": 210010
    },
    {
      "id": 79,
      "name": "Locale_System:MULTIRAID_COOPERATION_NAME_06",
      "player_count": 5,
      "character_select_time_limit": 60,
      "character_lv": 40,
      "stage_level": 40,
      "monster_stage_lv": 38,
      "dynamic_object_stage_lv": 38,
      "cover_stage_lv": 40,
      "monster_stage_lv_change_group": 304,
      "spot_id": 6303005,
      "monster_stage_lv_change_group_easy": 304,
      "spot_id_easy": 6303032,
      "condition_reward_group": 200000,
      "reward_limit_count": 3,
      "rank_condition_reward_group": 210010
    },
    {
      "id": 101,
      "name": "Locale_System:MULTIRAID_COOPERATION_NAME_101",
      "player_count": 5,
      "character_select_time_limit": 60,
      "character_lv": 40,
      "stage_level": 40,
      "monster_stage_lv": 44,
      "dynamic_object_stage_lv": 44,
      "cover_stage_lv": 40,
      "monster_stage_lv_change_group": 302,
      "spot_id": 6303007,
      "monster_stage_lv_change_group_easy": 0,
      "spot_id_easy": 0,
      "condition_reward_group": 200000,
      "reward_limit_count": 3,
      "rank_condition_reward_group": 210000
    },
    {
      "id": 102,
      "name": "Locale_System:MULTIRAID_COOPERATION_NAME_102",
      "player_count": 5,
      "character_select_time_limit": 60,
      "character_lv": 40,
      "stage_level": 40,
      "monster_stage_lv": 44,
      "dynamic_object_stage_lv": 44,
      "cover_stage_lv": 40,
      "monster_stage_lv_change_group": 302,
      "spot_id": 6303008,
      "monster_stage_lv_change_group_easy": 0,
      "spot_id_easy": 0,
      "condition_reward_group": 200000,
      "reward_limit_count": 3,
      "rank_condition_reward_group": 210000
    },
    {
      "id": 103,
      "name": "Locale_System:MULTIRAID_COOPERATION_NAME_103",
      "player_count": 5,
      "character_select_time_limit": 60,
      "character_lv": 40,
      "stage_level": 40,
      "monster_stage_lv": 44,
      "dynamic_object_stage_lv": 44,
      "cover_stage_lv": 40,
      "monster_stage_lv_change_group": 302,
      "spot_id": 6303009,
      "monster_stage_lv_change_group_easy": 0,
      "spot_id_easy": 0,
      "condition_reward_group": 200000,
      "reward_limit_count": 3,
      "rank_condition_reward_group": 210000
    }
  ]
}