{
  "version": "0.0.1",
  "records": [
    {
      "stage_id": 5100101,
      "group_id": "wave_favoriteitem_001",
      "spot_mod": "Campaign",
      "ui_theme": "None",
      "battle_time": 90,
      "mod_value": "0",
      "monster_count": 5,
      "use_intro_scene": true,
      "wave_repeat": false,
      "point_data": "point_grd_cityforestunder_002",
      "point_data_fly": "point_fly_cityforestunder_002",
      "background_name": "sbg_cityforestunder_002",
      "theme": "CityForestUnder",
      "theme_time": "Day",
      "stage_info_bg": "ibg_cityforestunder_001",
      "target_list": [
        3320010141
      ],
      "wave_data": [
        {
          "wave_path": "path_grd_mid_small_002",
          "private_monster_count": -1,
          "wave_monster_list": [
            {
              "wave_monster_id": 3220050141,
              "spawn_type": "Dash"
            },
            {
              "wave_monster_id": 3220050141,
              "spawn_type": "Dash"
            },
            {
              "wave_monster_id": 3220050141,
              "spawn_type": "Dash"
            },
            {
              "wave_monster_id": 3220050141,
              "spawn_type": "Dash"
            }
          ]
        },
        {
          "wave_path": "path_grd_close_elite2_804",
          "private_monster_count": -1,
          "wave_monster_list": [
            {
              "wave_monster_id": 3220050141,
              "spawn_type": "Dash"
            },
            {
              "wave_monster_id": 2220030141,
              "spawn_type": "Dash"
            },
            {
              "wave_monster_id": 2220040141,
              "spawn_type": "Drop"
            },
            {
              "wave_monster_id": 2220040141,
              "spawn_type": "Drop"
            }
          ]
        },
        {
          "wave_path": "path_grd_mid_elite1_802",
          "private_monster_count": 0,
          "wave_monster_list": [
            {
              "wave_monster_id": 3220050141,
              "spawn_type": "Jump"
            },
            {
              "wave_monster_id": 2220030141,
              "spawn_type": "Jump"
            },
            {
              "wave_monster_id": 2220040141,
              "spawn_type": "Drop"
            },
            {
              "wave_monster_id": 3320010141,
              "spawn_type": "Drop"
            }
          ]
        },
        {
          "wave_path": "path_grd_close_small_036",
          "private_monster_count": 3,
          "wave_monster_list": [
            {
              "wave_monster_id": 3220050141,
              "spawn_type": "Dash"
            },
            {
              "wave_monster_id": 3220050141,
              "spawn_type": "Dash"
            },
            {
              "wave_monster_id": 3220050141,
              "spawn_type": "Dash"
            },
            {
              "wave_monster_id": 3220050141,
              "spawn_type": "Dash"
            }
          ]
        },
        {
          "wave_path": "path_grd_close_small_039",
          "private_monster_count": 3,
          "wave_monster_list": [
            {
              "wave_monster_id": 2220030141,
              "spawn_type": "Dash"
            },
            {
              "wave_monster_id": 2220030141,
              "spawn_type": "Dash"
            },
            {
              "wave_monster_id": 2220030141,
              "spawn_type": "Dash"
            },
            {
              "wave_monster_id": 2220030141,
              "spawn_type": "Dash"
            }
          ]
        },
        {
          "wave_path": "",
          "private_monster_count": -1,
          "wave_monster_list": [
            {
              "wave_monster_id": 0,
              "spawn_type": "None"
            },
            {
              "wave_monster_id": 0,
              "spawn_type": "None"
            },
            {
              "wave_monster_id": 0,
              "spawn_type": "None"
            },
            {
              "wave_monster_id": 0,
              "spawn_type": "None"
            }
          ]
        },
        {
          "wave_path": "",
          "private_monster_count": -1,
          "wave_monster_list": [
            {
              "wave_monster_id": 0,
              "spawn_type": "None"
            },
            {
              "wave_monster_id": 0,
              "spawn_type": "None"
            },
            {
              "wave_monster_id": 0,
              "spawn_type": "None"
            },
            {
              "wave_monster_id": 0,
              "spawn_type": "None"
            }
          ]
        },
        {
          "wave_path": "",
          "private_monster_count": -1,
          "wave_monster_list": [
            {
              "wave_monster_id": 0,
              "spawn_type": "None"
            },
            {
              "wave_monster_id": 0,
              "spawn_type": "None"
            },
            {
              "wave_monster_id": 0,
              "spawn_type": "None"
            },
            {
              "wave_monster_id": 0,
              "spawn_type": "None"
            }
          ]
        },
        {
          "wave_path": "",
          "private_monster_count": -1,
          "wave_monster_list": [
            {
              "wave_monster_id": 0,
              "spawn_type": "None"
            },
            {
              "wave_monster_id": 0,
              "spawn_type": "None"
            },
            {
              "wave_monster_id": 0,
              "spawn_type": "None"
            },
            {
              "wave_monster_id": 0,
              "spawn_type": "None"
            }
          ]
        },
        {
          "wave_path": "",
          "private_monster_count": -1,
          "wave_monster_list": [
            {
              "wave_monster_id": 0,
              "spawn_type": "None"
            },
            {
              "wave_monster_id": 0,
              "spawn_type": "None"
            },
            {
              "wave_monster_id": 0,
              "spawn_type": "None"
            },
            {
              "wave_monster_id": 0,
              "spawn_type": "None"
            }
          ]
        }
      ],
      "close_monster_count": 21,
      "mid_monster_count": 15,
      "far_monster_count": 0
    },
    {
      "stage_id": 5100102,
      "group_id": "wave_favoriteitem_001",
      "spot_mod": "Campaign",
      "ui_theme": "None",
      "battle_time": 90,
      "mod_value": "0",
      "monster_count": 5,
      "use_intro_scene": true,
      "wave_repeat": false,
      "point_data": "point_grd_cityforestunder_005",
      "point_data_fly": "point_fly_cityforestunder_005",
      "background_name": "sbg_cityforestunder_005",
      "theme": "CityForestUnder",
      "theme_time": "Day",
      "stage_info_bg": "ibg_cityforestunder_001",
      "target_list": [
        3320070141
      ],
      "wave_data": [
        {
          "wave_path": "path_fly_mid_small_018",
          "private_monster_count": -1,
          "wave_monster_list": [
            {
              "wave_monster_id": 2210020141,
              "spawn_type": "Dash"
            },
            {
              "wave_monster_id": 2210020141,
              "spawn_type": "Dash"
            },
            {
              "wave_monster_id": 2210020141,
              "spawn_type": "Dash"
            },
            {
              "wave_monster_id": 2210020141,
              "spawn_type": "Dash"
            }
          ]
        },
        {
          "wave_path": "path_grd_close_special_024",
          "private_monster_count": -1,
          "wave_monster_list": [
            {
              "wave_monster_id": 1120010141,
              "spawn_type": "Jump"
            },
            {
              "wave_monster_id": 1120010141,
              "spawn_type": "Jump"
            },
            {
              "wave_monster_id": 3220030141,
              "spawn_type": "Drop"
            },
            {
              "wave_monster_id": 3220020141,
              "spawn_type": "Drop"
            }
          ]
        },
        {
          "wave_path": "path_grd_mid_elite1_802",
          "private_monster_count": 0,
          "wave_monster_list": [
            {
              "wave_monster_id": 3220030141,
              "spawn_type": "Jump"
            },
            {
              "wave_monster_id": 3220030141,
              "spawn_type": "Jump"
            },
            {
              "wave_monster_id": 2220040141,
              "spawn_type": "Drop"
            },
            {
              "wave_monster_id": 3320070141,
              "spawn_type": "Drop"
            }
          ]
        },
        {
          "wave_path": "path_grd_close_special_024",
          "private_monster_count": 3,
          "wave_monster_list": [
            {
              "wave_monster_id": 3220030141,
              "spawn_type": "Dash"
            },
            {
              "wave_monster_id": 3220060141,
              "spawn_type": "Dash"
            },
            {
              "wave_monster_id": 1120010141,
              "spawn_type": "Dash"
            },
            {
              "wave_monster_id": 3220020141,
              "spawn_type": "Dash"
            }
          ]
        },
        {
          "wave_path": "path_fly_mid_small_021",
          "private_monster_count": 3,
          "wave_monster_list": [
            {
              "wave_monster_id": 2210020141,
              "spawn_type": "Dash"
            },
            {
              "wave_monster_id": 2210020141,
              "spawn_type": "Dash"
            },
            {
              "wave_monster_id": 2210020141,
              "spawn_type": "Dash"
            },
            {
              "wave_monster_id": 2210020141,
              "spawn_type": "Dash"
            }
          ]
        },
        {
          "wave_path": "",
          "private_monster_count": -1,
          "wave_monster_list": [
            {
              "wave_monster_id": 0,
              "spawn_type": "None"
            },
            {
              "wave_monster_id": 0,
              "spawn_type": "None"
            },
            {
              "wave_monster_id": 0,
              "spawn_type": "None"
            },
            {
              "wave_monster_id": 0,
              "spawn_type": "None"
            }
          ]
        },
        {
          "wave_path": "",
          "private_monster_count": -1,
          "wave_monster_list": [
            {
              "wave_monster_id": 0,
              "spawn_type": "None"
            },
            {
              "wave_monster_id": 0,
              "spawn_type": "None"
            },
            {
              "wave_monster_id": 0,
              "spawn_type": "None"
            },
            {
              "wave_monster_id": 0,
              "spawn_type": "None"
            }
          ]
        },
        {
          "wave_path": "",
          "private_monster_count": -1,
          "wave_monster_list": [
            {
              "wave_monster_id": 0,
              "spawn_type": "None"
            },
            {
              "wave_monster_id": 0,
              "spawn_type": "None"
            },
            {
              "wave_monster_id": 0,
              "spawn_type": "None"
            },
            {
              "wave_monster_id": 0,
              "spawn_type": "None"
            }
          ]
        },
        {
          "wave_path": "",
          "private_monster_count": -1,
          "wave_monster_list": [
            {
              "wave_monster_id": 0,
              "spawn_type": "None"
            },
            {
              "wave_monster_id": 0,
              "spawn_type": "None"
            },
            {
              "wave_monster_id": 0,
              "spawn_type": "None"
            },
            {
              "wave_monster_id": 0,
              "spawn_type": "None"
            }
          ]
        },
        {
          "wave_path": "",
          "private_monster_count": -1,
          "wave_monster_list": [
            {
              "wave_monster_id": 0,
              "spawn_type": "None"
            },
            {
              "wave_monster_id": 0,
              "spawn_type": "None"
            },
            {
              "wave_monster_id": 0,
              "spawn_type": "None"
            },
            {
              "wave_monster_id": 0,
              "spawn_type": "None"
            }
          ]
        }
      ],
      "close_monster_count": 30,
      "mid_monster_count": 21,
      "far_monster_count": 0
    },
    {
      "stage_id": 5100103,
      "group_id": "wave_favoriteitem_001",
      "spot_mod": "Campaign",
      "ui_theme": "None",
      "battle_time": 90,
      "mod_value": "0",
      "monster_count": 5,
      "use_intro_scene": true,
      "wave_repeat": false,
      "point_data": "point_grd_cityforestunder_001",
      "point_data_fly": "point_fly_cityforestunder_001",
      "background_name": "sbg_cityforestunder_001",
      "theme": "CityForestUnder",
      "theme_time": "Day",
      "stage_info_bg": "ibg_cityforestunder_001",
      "target_list": [
        1310030141
      ],
      "wave_data": [
        {
          "wave_path": "path_fly_mid_small_018",
          "private_monster_count": -1,
          "wave_monster_list": [
            {
              "wave_monster_id": 1210020141,
              "spawn_type": "Drop"
            },
            {
              "wave_monster_id": 1210020141,
              "spawn_type": "Drop"
            },
            {
              "wave_monster_id": 1210020141,
              "spawn_type": "Drop"
            },
            {
              "wave_monster_id": 1210020141,
              "spawn_type": "Drop"
            }
          ]
        },
        {
          "wave_path": "path_grd_close_small_042",
          "private_monster_count": -1,
          "wave_monster_list": [
            {
              "wave_monster_id": 2220020141,
              "spawn_type": "Drop"
            },
            {
              "wave_monster_id": 2220020141,
              "spawn_type": "Drop"
            },
            {
              "wave_monster_id": 2220020141,
              "spawn_type": "Drop"
            },
            {
              "wave_monster_id": 1220050141,
              "spawn_type": "Drop"
            }
          ]
        },
        {
          "wave_path": "path_fly_mid_elite1_802",
          "private_monster_count": 0,
          "wave_monster_list": [
            {
              "wave_monster_id": 1210020141,
              "spawn_type": "Jump"
            },
            {
              "wave_monster_id": 1210020141,
              "spawn_type": "Jump"
            },
            {
              "wave_monster_id": 1210010141,
              "spawn_type": "Drop"
            },
            {
              "wave_monster_id": 1310030141,
              "spawn_type": "Drop"
            }
          ]
        },
        {
          "wave_path": "path_fly_close_small_035",
          "private_monster_count": 3,
          "wave_monster_list": [
            {
              "wave_monster_id": 1210020141,
              "spawn_type": "Drop"
            },
            {
              "wave_monster_id": 1210020141,
              "spawn_type": "Drop"
            },
            {
              "wave_monster_id": 1210020141,
              "spawn_type": "Drop"
            },
            {
              "wave_monster_id": 3210040141,
              "spawn_type": "Drop"
            }
          ]
        },
        {
          "wave_path": "path_grd_mid_small_061",
          "private_monster_count": 3,
          "wave_monster_list": [
            {
              "wave_monster_id": 2220020141,
              "spawn_type": "Dash"
            },
            {
              "wave_monster_id": 2220020141,
              "spawn_type": "Dash"
            },
            {
              "wave_monster_id": 2220020141,
              "spawn_type": "Dash"
            },
            {
              "wave_monster_id": 1220050141,
              "spawn_type": "Dash"
            }
          ]
        },
        {
          "wave_path": "",
          "private_monster_count": -1,
          "wave_monster_list": [
            {
              "wave_monster_id": 0,
              "spawn_type": "None"
            },
            {
              "wave_monster_id": 0,
              "spawn_type": "None"
            },
            {
              "wave_monster_id": 0,
              "spawn_type": "Drop"
            },
            {
              "wave_monster_id": 0,
              "spawn_type": "None"
            }
          ]
        },
        {
          "wave_path": "",
          "private_monster_count": -1,
          "wave_monster_list": [
            {
              "wave_monster_id": 0,
              "spawn_type": "None"
            },
            {
              "wave_monster_id": 0,
              "spawn_type": "None"
            },
            {
              "wave_monster_id": 0,
              "spawn_type": "None"
            },
            {
              "wave_monster_id": 0,
              "spawn_type": "None"
            }
          ]
        },
        {
          "wave_path": "",
          "private_monster_count": -1,
          "wave_monster_list": [
            {
              "wave_monster_id": 0,
              "spawn_type": "None"
            },
            {
              "wave_monster_id": 0,
              "spawn_type": "None"
            },
            {
              "wave_monster_id": 0,
              "spawn_type": "None"
            },
            {
              "wave_monster_id": 0,
              "spawn_type": "None"
            }
          ]
        },
        {
          "wave_path": "",
          "private_monster_count": -1,
          "wave_monster_list": [
            {
              "wave_monster_id": 0,
              "spawn_type": "None"
            },
            {
              "wave_monster_id": 0,
              "spawn_type": "None"
            },
            {
              "wave_monster_id": 0,
              "spawn_type": "None"
            },
            {
              "wave_monster_id": 0,
              "spawn_type": "None"
            }
          ]
        },
        {
          "wave_path": "",
          "private_monster_count": -1,
          "wave_monster_list": [
            {
              "wave_monster_id": 0,
              "spawn_type": "None"
            },
            {
              "wave_monster_id": 0,
              "spawn_type": "None"
            },
            {
              "wave_monster_id": 0,
              "spawn_type": "None"
            },
            {
              "wave_monster_id": 0,
              "spawn_type": "None"
            }
          ]
        }
      ],
      "close_monster_count": 12,
      "mid_monster_count": 21,
      "far_monster_count": 0
    },
    {
      "stage_id": 5100104,
      "group_id": "wave_favoriteitem_001",
      "spot_mod": "Campaign",
      "ui_theme": "None",
      "battle_time": 90,
      "mod_value": "0",
      "monster_count": 5,
      "use_intro_scene": true,
      "wave_repeat": false,
      "point_data": "point_grd_cityforestunder_003",
      "point_data_fly": "point_fly_cityforestunder_003",
      "background_name": "sbg_cityforestunder_003",
      "theme": "CityForestUnder",
      "theme_time": "Day",
      "stage_info_bg": "ibg_cityforestunder_001",
      "target_list": [
        3310020141
      ],
      "wave_data": [
        {
          "wave_path": "path_grd_close_small_036",
          "private_monster_count": -1,
          "wave_monster_list": [
            {
              "wave_monster_id": 1220040141,
              "spawn_type": "Jump"
            },
            {
              "wave_monster_id": 1220040141,
              "spawn_type": "Jump"
            },
            {
              "wave_monster_id": 1220040141,
              "spawn_type": "Jump"
            },
            {
              "wave_monster_id": 3220060141,
              "spawn_type": "Jump"
            }
          ]
        },
        {
          "wave_path": "path_grd_mid_small_040",
          "private_monster_count": -1,
          "wave_monster_list": [
            {
              "wave_monster_id": 1220040141,
              "spawn_type": "Jump"
            },
            {
              "wave_monster_id": 1220040141,
              "spawn_type": "Jump"
            },
            {
              "wave_monster_id": 1220040141,
              "spawn_type": "Jump"
            },
            {
              "wave_monster_id": 3220060141,
              "spawn_type": "Jump"
            }
          ]
        },
        {
          "wave_path": "path_fly_mid_elite1_802",
          "private_monster_count": 0,
          "wave_monster_list": [
            {
              "wave_monster_id": 3210010141,
              "spawn_type": "Dash"
            },
            {
              "wave_monster_id": 3210010141,
              "spawn_type": "Dash"
            },
            {
              "wave_monster_id": 1210010141,
              "spawn_type": "Drop"
            },
            {
              "wave_monster_id": 3310020141,
              "spawn_type": "Drop"
            }
          ]
        },
        {
          "wave_path": "path_grd_close_small_014",
          "private_monster_count": 3,
          "wave_monster_list": [
            {
              "wave_monster_id": 1220050141,
              "spawn_type": "Drop"
            },
            {
              "wave_monster_id": 1220040141,
              "spawn_type": "Drop"
            },
            {
              "wave_monster_id": 1220040141,
              "spawn_type": "Drop"
            },
            {
              "wave_monster_id": 1220040141,
              "spawn_type": "Drop"
            }
          ]
        },
        {
          "wave_path": "path_grd_mid_small_043",
          "private_monster_count": 3,
          "wave_monster_list": [
            {
              "wave_monster_id": 1220040141,
              "spawn_type": "Drop"
            },
            {
              "wave_monster_id": 3220060141,
              "spawn_type": "Drop"
            },
            {
              "wave_monster_id": 1220040141,
              "spawn_type": "Drop"
            },
            {
              "wave_monster_id": 3220060141,
              "spawn_type": "Drop"
            }
          ]
        },
        {
          "wave_path": "path_fly_close_small_026",
          "private_monster_count": 3,
          "wave_monster_list": [
            {
              "wave_monster_id": 3210040141,
              "spawn_type": "Drop"
            },
            {
              "wave_monster_id": 1210020141,
              "spawn_type": "Drop"
            },
            {
              "wave_monster_id": 1210020141,
              "spawn_type": "Drop"
            },
            {
              "wave_monster_id": 1210020141,
              "spawn_type": "Drop"
            }
          ]
        },
        {
          "wave_path": "",
          "private_monster_count": -1,
          "wave_monster_list": [
            {
              "wave_monster_id": 0,
              "spawn_type": "None"
            },
            {
              "wave_monster_id": 0,
              "spawn_type": "None"
            },
            {
              "wave_monster_id": 0,
              "spawn_type": "None"
            },
            {
              "wave_monster_id": 0,
              "spawn_type": "None"
            }
          ]
        },
        {
          "wave_path": "",
          "private_monster_count": -1,
          "wave_monster_list": [
            {
              "wave_monster_id": 0,
              "spawn_type": "None"
            },
            {
              "wave_monster_id": 0,
              "spawn_type": "None"
            },
            {
              "wave_monster_id": 0,
              "spawn_type": "None"
            },
            {
              "wave_monster_id": 0,
              "spawn_type": "None"
            }
          ]
        },
        {
          "wave_path": "",
          "private_monster_count": -1,
          "wave_monster_list": [
            {
              "wave_monster_id": 0,
              "spawn_type": "None"
            },
            {
              "wave_monster_id": 0,
              "spawn_type": "None"
            },
            {
              "wave_monster_id": 0,
              "spawn_type": "None"
            },
            {
              "wave_monster_id": 0,
              "spawn_type": "None"
            }
          ]
        },
        {
          "wave_path": "",
          "private_monster_count": -1,
          "wave_monster_list": [
            {
              "wave_monster_id": 0,
              "spawn_type": "None"
            },
            {
              "wave_monster_id": 0,
              "spawn_type": "None"
            },
            {
              "wave_monster_id": 0,
              "spawn_type": "None"
            },
            {
              "wave_monster_id": 0,
              "spawn_type": "None"
            }
          ]
        }
      ],
      "close_monster_count": 18,
      "mid_monster_count": 21,
      "far_monster_count": 0
    },
    {
      "stage_id": 5100201,
      "group_id": "wave_favoriteitem_001",
      "spot_mod": "Campaign",
      "ui_theme": "None",
      "battle_time": 90,
      "mod_value": "0",
      "monster_count": 5,
      "use_intro_scene": true,
      "wave_repeat": false,
      "point_data": "point_grd_cityforestunder_004",
      "point_data_fly": "point_fly_cityforestunder_004",
      "background_name": "sbg_cityforestunder_004",
      "theme": "CityForestUnder",
      "theme_time": "Day",
      "stage_info_bg": "ibg_cityforestunder_001",
      "target_list": [
        1320060141
      ],
      "wave_data": [
        {
          "wave_path": "path_grd_mid_small_002",
          "private_monster_count": -1,
          "wave_monster_list": [
            {
              "wave_monster_id": 3220040141,
              "spawn_type": "Dash"
            },
            {
              "wave_monster_id": 3220040141,
              "spawn_type": "Dash"
            },
            {
              "wave_monster_id": 3220040141,
              "spawn_type": "Dash"
            },
            {
              "wave_monster_id": 3220040141,
              "spawn_type": "Dash"
            }
          ]
        },
        {
          "wave_path": "path_grd_close_elite1_801",
          "private_monster_count": 2,
          "wave_monster_list": [
            {
              "wave_monster_id": 3220040141,
              "spawn_type": "Drop"
            },
            {
              "wave_monster_id": 2120010141,
              "spawn_type": "Drop"
            },
            {
              "wave_monster_id": 3220020141,
              "spawn_type": "Jump"
            },
            {
              "wave_monster_id": 1320060141,
              "spawn_type": "Jump"
            }
          ]
        },
        {
          "wave_path": "path_fly_mid_small_050",
          "private_monster_count": 4,
          "wave_monster_list": [
            {
              "wave_monster_id": 2110010141,
              "spawn_type": "Dash"
            },
            {
              "wave_monster_id": 2210010141,
              "spawn_type": "Dash"
            },
            {
              "wave_monster_id": 2110010141,
              "spawn_type": "Drop"
            },
            {
              "wave_monster_id": 3210030141,
              "spawn_type": "Drop"
            }
          ]
        },
        {
          "wave_path": "path_grd_mid_small_012",
          "private_monster_count": 3,
          "wave_monster_list": [
            {
              "wave_monster_id": 2120010141,
              "spawn_type": "Dash"
            },
            {
              "wave_monster_id": 3220040141,
              "spawn_type": "Dash"
            },
            {
              "wave_monster_id": 3220040141,
              "spawn_type": "Drop"
            },
            {
              "wave_monster_id": 3220020141,
              "spawn_type": "Drop"
            }
          ]
        },
        {
          "wave_path": "path_fly_close_small_020",
          "private_monster_count": -1,
          "wave_monster_list": [
            {
              "wave_monster_id": 2110010141,
              "spawn_type": "Drop"
            },
            {
              "wave_monster_id": 2210010141,
              "spawn_type": "Drop"
            },
            {
              "wave_monster_id": 2210010141,
              "spawn_type": "Drop"
            },
            {
              "wave_monster_id": 2110010141,
              "spawn_type": "Drop"
            }
          ]
        },
        {
          "wave_path": "",
          "private_monster_count": -1,
          "wave_monster_list": [
            {
              "wave_monster_id": 0,
              "spawn_type": "None"
            },
            {
              "wave_monster_id": 0,
              "spawn_type": "None"
            },
            {
              "wave_monster_id": 0,
              "spawn_type": "None"
            },
            {
              "wave_monster_id": 0,
              "spawn_type": "None"
            }
          ]
        },
        {
          "wave_path": "",
          "private_monster_count": -1,
          "wave_monster_list": [
            {
              "wave_monster_id": 0,
              "spawn_type": "None"
            },
            {
              "wave_monster_id": 0,
              "spawn_type": "None"
            },
            {
              "wave_monster_id": 0,
              "spawn_type": "None"
            },
            {
              "wave_monster_id": 0,
              "spawn_type": "None"
            }
          ]
        },
        {
          "wave_path": "",
          "private_monster_count": -1,
          "wave_monster_list": [
            {
              "wave_monster_id": 0,
              "spawn_type": "None"
            },
            {
              "wave_monster_id": 0,
              "spawn_type": "None"
            },
            {
              "wave_monster_id": 0,
              "spawn_type": "None"
            },
            {
              "wave_monster_id": 0,
              "spawn_type": "None"
            }
          ]
        },
        {
          "wave_path": "",
          "private_monster_count": -1,
          "wave_monster_list": [
            {
              "wave_monster_id": 0,
              "spawn_type": "None"
            },
            {
              "wave_monster_id": 0,
              "spawn_type": "None"
            },
            {
              "wave_monster_id": 0,
              "spawn_type": "None"
            },
            {
              "wave_monster_id": 0,
              "spawn_type": "None"
            }
          ]
        },
        {
          "wave_path": "",
          "private_monster_count": -1,
          "wave_monster_list": [
            {
              "wave_monster_id": 0,
              "spawn_type": "None"
            },
            {
              "wave_monster_id": 0,
              "spawn_type": "None"
            },
            {
              "wave_monster_id": 0,
              "spawn_type": "None"
            },
            {
              "wave_monster_id": 0,
              "spawn_type": "None"
            }
          ]
        }
      ],
      "close_monster_count": 15,
      "mid_monster_count": 18,
      "far_monster_count": 0
    },
    {
      "stage_id": 5100301,
      "group_id": "wave_favoriteitem_001",
      "spot_mod": "Campaign",
      "ui_theme": "None",
      "battle_time": 90,
      "mod_value": "0",
      "monster_count": 5,
      "use_intro_scene": true,
      "wave_repeat": false,
      "point_data": "point_grd_cityforestunder_004_midclear",
      "point_data_fly": "point_fly_cityforestunder_004",
      "background_name": "sbg_cityforestunder_004_midclear",
      "theme": "CityForestUnder",
      "theme_time": "Day",
      "stage_info_bg": "ibg_cityforestunder_001",
      "target_list": [
        2320050111
      ],
      "wave_data": [
        {
          "wave_path": "path_grd_mid_small_002",
          "private_monster_count": -1,
          "wave_monster_list": [
            {
              "wave_monster_id": 3220050111,
              "spawn_type": "Drop"
            },
            {
              "wave_monster_id": 3220050111,
              "spawn_type": "Drop"
            },
            {
              "wave_monster_id": 3220070111,
              "spawn_type": "Dash"
            },
            {
              "wave_monster_id": 2220040111,
              "spawn_type": "Dash"
            }
          ]
        },
        {
          "wave_path": "path_fly_mid_small_024",
          "private_monster_count": 6,
          "wave_monster_list": [
            {
              "wave_monster_id": 2210010111,
              "spawn_type": "Drop"
            },
            {
              "wave_monster_id": 1110010111,
              "spawn_type": "Drop"
            },
            {
              "wave_monster_id": 1110010111,
              "spawn_type": "Drop"
            },
            {
              "wave_monster_id": 3210010111,
              "spawn_type": "Drop"
            }
          ]
        },
        {
          "wave_path": "path_grd_mid_elite1_802",
          "private_monster_count": 1,
          "wave_monster_list": [
            {
              "wave_monster_id": 3220040111,
              "spawn_type": "Jump"
            },
            {
              "wave_monster_id": 3220040111,
              "spawn_type": "Jump"
            },
            {
              "wave_monster_id": 3220040111,
              "spawn_type": "Drop"
            },
            {
              "wave_monster_id": 2320050111,
              "spawn_type": "Drop"
            }
          ]
        },
        {
          "wave_path": "path_grd_mid_small_061",
          "private_monster_count": 3,
          "wave_monster_list": [
            {
              "wave_monster_id": 3220050111,
              "spawn_type": "Drop"
            },
            {
              "wave_monster_id": 1220030111,
              "spawn_type": "Drop"
            },
            {
              "wave_monster_id": 3220050111,
              "spawn_type": "Drop"
            },
            {
              "wave_monster_id": 1220030111,
              "spawn_type": "Drop"
            }
          ]
        },
        {
          "wave_path": "",
          "private_monster_count": -1,
          "wave_monster_list": [
            {
              "wave_monster_id": 0,
              "spawn_type": "None"
            },
            {
              "wave_monster_id": 0,
              "spawn_type": "None"
            },
            {
              "wave_monster_id": 0,
              "spawn_type": "None"
            },
            {
              "wave_monster_id": 0,
              "spawn_type": "None"
            }
          ]
        },
        {
          "wave_path": "",
          "private_monster_count": -1,
          "wave_monster_list": [
            {
              "wave_monster_id": 0,
              "spawn_type": "None"
            },
            {
              "wave_monster_id": 0,
              "spawn_type": "None"
            },
            {
              "wave_monster_id": 0,
              "spawn_type": "None"
            },
            {
              "wave_monster_id": 0,
              "spawn_type": "None"
            }
          ]
        },
        {
          "wave_path": "",
          "private_monster_count": -1,
          "wave_monster_list": [
            {
              "wave_monster_id": 0,
              "spawn_type": "None"
            },
            {
              "wave_monster_id": 0,
              "spawn_type": "None"
            },
            {
              "wave_monster_id": 0,
              "spawn_type": "None"
            },
            {
              "wave_monster_id": 0,
              "spawn_type": "None"
            }
          ]
        },
        {
          "wave_path": "",
          "private_monster_count": -1,
          "wave_monster_list": [
            {
              "wave_monster_id": 0,
              "spawn_type": "None"
            },
            {
              "wave_monster_id": 0,
              "spawn_type": "None"
            },
            {
              "wave_monster_id": 0,
              "spawn_type": "None"
            },
            {
              "wave_monster_id": 0,
              "spawn_type": "None"
            }
          ]
        },
        {
          "wave_path": "",
          "private_monster_count": -1,
          "wave_monster_list": [
            {
              "wave_monster_id": 0,
              "spawn_type": "None"
            },
            {
              "wave_monster_id": 0,
              "spawn_type": "None"
            },
            {
              "wave_monster_id": 0,
              "spawn_type": "None"
            },
            {
              "wave_monster_id": 0,
              "spawn_type": "None"
            }
          ]
        },
        {
          "wave_path": "",
          "private_monster_count": -1,
          "wave_monster_list": [
            {
              "wave_monster_id": 0,
              "spawn_type": "None"
            },
            {
              "wave_monster_id": 0,
              "spawn_type": "None"
            },
            {
              "wave_monster_id": 0,
              "spawn_type": "None"
            },
            {
              "wave_monster_id": 0,
              "spawn_type": "None"
            }
          ]
        }
      ],
      "close_monster_count": 0,
      "mid_monster_count": 27,
      "far_monster_count": 0
    },
    {
      "stage_id": 5100401,
      "group_id": "wave_favoriteitem_001",
      "spot_mod": "Campaign",
      "ui_theme": "None",
      "battle_time": 90,
      "mod_value": "0",
      "monster_count": 5,
      "use_intro_scene": true,
      "wave_repeat": false,
      "point_data": "point_grd_cityforest_001",
      "point_data_fly": "point_fly_cityforest_001",
      "background_name": "sbg_cityforest_001",
      "theme": "CityForest",
      "theme_time": "Day",
      "stage_info_bg": "ibg_cityforest_001",
      "target_list": [
        1310030111
      ],
      "wave_data": [
        {
          "wave_path": "path_fly_mid_small_018",
          "private_monster_count": -1,
          "wave_monster_list": [
            {
              "wave_monster_id": 2210020111,
              "spawn_type": "Dash"
            },
            {
              "wave_monster_id": 2210020111,
              "spawn_type": "Dash"
            },
            {
              "wave_monster_id": 2210020111,
              "spawn_type": "Drop"
            },
            {
              "wave_monster_id": 2210020111,
              "spawn_type": "Drop"
            }
          ]
        },
        {
          "wave_path": "path_grd_close_small_004",
          "private_monster_count": 6,
          "wave_monster_list": [
            {
              "wave_monster_id": 3220040111,
              "spawn_type": "Drop"
            },
            {
              "wave_monster_id": 3220040111,
              "spawn_type": "Drop"
            },
            {
              "wave_monster_id": 3220040111,
              "spawn_type": "Drop"
            },
            {
              "wave_monster_id": 3220040111,
              "spawn_type": "Drop"
            }
          ]
        },
        {
          "wave_path": "path_fly_mid_elite1_802",
          "private_monster_count": 2,
          "wave_monster_list": [
            {
              "wave_monster_id": 2210020111,
              "spawn_type": "Drop"
            },
            {
              "wave_monster_id": 2210020111,
              "spawn_type": "Drop"
            },
            {
              "wave_monster_id": 2210020111,
              "spawn_type": "Drop"
            },
            {
              "wave_monster_id": 1310030111,
              "spawn_type": "Drop"
            }
          ]
        },
        {
          "wave_path": "path_fly_mid_small_024",
          "private_monster_count": 6,
          "wave_monster_list": [
            {
              "wave_monster_id": 3210010111,
              "spawn_type": "Jump"
            },
            {
              "wave_monster_id": 3210010111,
              "spawn_type": "Jump"
            },
            {
              "wave_monster_id": 3210010111,
              "spawn_type": "Jump"
            },
            {
              "wave_monster_id": 1210040111,
              "spawn_type": "Jump"
            }
          ]
        },
        {
          "wave_path": "",
          "private_monster_count": -1,
          "wave_monster_list": [
            {
              "wave_monster_id": 0,
              "spawn_type": "None"
            },
            {
              "wave_monster_id": 0,
              "spawn_type": "None"
            },
            {
              "wave_monster_id": 0,
              "spawn_type": "None"
            },
            {
              "wave_monster_id": 0,
              "spawn_type": "None"
            }
          ]
        },
        {
          "wave_path": "",
          "private_monster_count": -1,
          "wave_monster_list": [
            {
              "wave_monster_id": 0,
              "spawn_type": "None"
            },
            {
              "wave_monster_id": 0,
              "spawn_type": "None"
            },
            {
              "wave_monster_id": 0,
              "spawn_type": "None"
            },
            {
              "wave_monster_id": 0,
              "spawn_type": "None"
            }
          ]
        },
        {
          "wave_path": "",
          "private_monster_count": -1,
          "wave_monster_list": [
            {
              "wave_monster_id": 0,
              "spawn_type": "None"
            },
            {
              "wave_monster_id": 0,
              "spawn_type": "None"
            },
            {
              "wave_monster_id": 0,
              "spawn_type": "None"
            },
            {
              "wave_monster_id": 0,
              "spawn_type": "None"
            }
          ]
        },
        {
          "wave_path": "",
          "private_monster_count": -1,
          "wave_monster_list": [
            {
              "wave_monster_id": 0,
              "spawn_type": "None"
            },
            {
              "wave_monster_id": 0,
              "spawn_type": "None"
            },
            {
              "wave_monster_id": 0,
              "spawn_type": "None"
            },
            {
              "wave_monster_id": 0,
              "spawn_type": "None"
            }
          ]
        },
        {
          "wave_path": "",
          "private_monster_count": -1,
          "wave_monster_list": [
            {
              "wave_monster_id": 0,
              "spawn_type": "None"
            },
            {
              "wave_monster_id": 0,
              "spawn_type": "None"
            },
            {
              "wave_monster_id": 0,
              "spawn_type": "None"
            },
            {
              "wave_monster_id": 0,
              "spawn_type": "None"
            }
          ]
        },
        {
          "wave_path": "",
          "private_monster_count": -1,
          "wave_monster_list": [
            {
              "wave_monster_id": 0,
              "spawn_type": "None"
            },
            {
              "wave_monster_id": 0,
              "spawn_type": "None"
            },
            {
              "wave_monster_id": 0,
              "spawn_type": "None"
            },
            {
              "wave_monster_id": 0,
              "spawn_type": "None"
            }
          ]
        }
      ],
      "close_monster_count": 2,
      "mid_monster_count": 18,
      "far_monster_count": 7
    },
    {
      "stage_id": 5100501,
      "group_id": "wave_favoriteitem_001",
      "spot_mod": "Campaign",
      "ui_theme": "None",
      "battle_time": 90,
      "mod_value": "0",
      "monster_count": 5,
      "use_intro_scene": true,
      "wave_repeat": false,
      "point_data": "point_grd_cityforestunder_001",
      "point_data_fly": "point_fly_cityforestunder_001",
      "background_name": "sbg_cityforestunder_001",
      "theme": "CityForestUnder",
      "theme_time": "Day",
      "stage_info_bg": "ibg_cityforestunder_001",
      "target_list": [
        3320010111
      ],
      "wave_data": [
        {
          "wave_path": "path_grd_close_small_001",
          "private_monster_count": -1,
          "wave_monster_list": [
            {
              "wave_monster_id": 2220020111,
              "spawn_type": "Drop"
            },
            {
              "wave_monster_id": 2220020111,
              "spawn_type": "Drop"
            },
            {
              "wave_monster_id": 2220020111,
              "spawn_type": "Dash"
            },
            {
              "wave_monster_id": 2220020111,
              "spawn_type": "Dash"
            }
          ]
        },
        {
          "wave_path": "path_grd_close_special_024",
          "private_monster_count": 4,
          "wave_monster_list": [
            {
              "wave_monster_id": 1220040111,
              "spawn_type": "Drop"
            },
            {
              "wave_monster_id": 1120010111,
              "spawn_type": "Drop"
            },
            {
              "wave_monster_id": 1120010111,
              "spawn_type": "Drop"
            },
            {
              "wave_monster_id": 1320040211,
              "spawn_type": "Drop"
            }
          ]
        },
        {
          "wave_path": "path_grd_close_elite1_801",
          "private_monster_count": 0,
          "wave_monster_list": [
            {
              "wave_monster_id": 3220040111,
              "spawn_type": "Dash"
            },
            {
              "wave_monster_id": 3220040111,
              "spawn_type": "Dash"
            },
            {
              "wave_monster_id": 3220040111,
              "spawn_type": "Drop"
            },
            {
              "wave_monster_id": 3320010111,
              "spawn_type": "Drop"
            }
          ]
        },
        {
          "wave_path": "path_grd_mid_small_043",
          "private_monster_count": -1,
          "wave_monster_list": [
            {
              "wave_monster_id": 3220050111,
              "spawn_type": "Dash"
            },
            {
              "wave_monster_id": 3220050111,
              "spawn_type": "Dash"
            },
            {
              "wave_monster_id": 3220050111,
              "spawn_type": "Dash"
            },
            {
              "wave_monster_id": 3220050111,
              "spawn_type": "Dash"
            }
          ]
        },
        {
          "wave_path": "",
          "private_monster_count": -1,
          "wave_monster_list": [
            {
              "wave_monster_id": 0,
              "spawn_type": "None"
            },
            {
              "wave_monster_id": 0,
              "spawn_type": "None"
            },
            {
              "wave_monster_id": 0,
              "spawn_type": "None"
            },
            {
              "wave_monster_id": 0,
              "spawn_type": "None"
            }
          ]
        },
        {
          "wave_path": "",
          "private_monster_count": -1,
          "wave_monster_list": [
            {
              "wave_monster_id": 0,
              "spawn_type": "None"
            },
            {
              "wave_monster_id": 0,
              "spawn_type": "None"
            },
            {
              "wave_monster_id": 0,
              "spawn_type": "None"
            },
            {
              "wave_monster_id": 0,
              "spawn_type": "None"
            }
          ]
        },
        {
          "wave_path": "",
          "private_monster_count": -1,
          "wave_monster_list": [
            {
              "wave_monster_id": 0,
              "spawn_type": "None"
            },
            {
              "wave_monster_id": 0,
              "spawn_type": "None"
            },
            {
              "wave_monster_id": 0,
              "spawn_type": "None"
            },
            {
              "wave_monster_id": 0,
              "spawn_type": "None"
            }
          ]
        },
        {
          "wave_path": "",
          "private_monster_count": -1,
          "wave_monster_list": [
            {
              "wave_monster_id": 0,
              "spawn_type": "None"
            },
            {
              "wave_monster_id": 0,
              "spawn_type": "None"
            },
            {
              "wave_monster_id": 0,
              "spawn_type": "None"
            },
            {
              "wave_monster_id": 0,
              "spawn_type": "None"
            }
          ]
        },
        {
          "wave_path": "",
          "private_monster_count": -1,
          "wave_monster_list": [
            {
              "wave_monster_id": 0,
              "spawn_type": "None"
            },
            {
              "wave_monster_id": 0,
              "spawn_type": "None"
            },
            {
              "wave_monster_id": 0,
              "spawn_type": "None"
            },
            {
              "wave_monster_id": 0,
              "spawn_type": "None"
            }
          ]
        },
        {
          "wave_path": "",
          "private_monster_count": -1,
          "wave_monster_list": [
            {
              "wave_monster_id": 0,
              "spawn_type": "None"
            },
            {
              "wave_monster_id": 0,
              "spawn_type": "None"
            },
            {
              "wave_monster_id": 0,
              "spawn_type": "None"
            },
            {
              "wave_monster_id": 0,
              "spawn_type": "None"
            }
          ]
        }
      ],
      "close_monster_count": 30,
      "mid_monster_count": 6,
      "far_monster_count": 0
    }
  ]
}